DistName,RegnName,Year,Enrolled 4-Year,Total Graduated,Enrolled 4-Year (%)
ALAMO HEIGHTS ISD,San Antonio,2011,73,379,19.26121372
ALAMO HEIGHTS ISD,San Antonio,2012,101,374,27.00534759
ALAMO HEIGHTS ISD,San Antonio,2013,102,355,28.73239437
ALAMO HEIGHTS ISD,San Antonio,2014,104,353,29.46175637
ALAMO HEIGHTS ISD,San Antonio,2015,75,369,20.32520325
ALAMO HEIGHTS ISD,San Antonio,2016,95,380,25
ALAMO HEIGHTS ISD,San Antonio,2017,118,411,28.71046229
ALDINE ISD,Houston,2011,496,2991,16.58308258
ALDINE ISD,Houston,2012,523,2980,17.55033557
ALDINE ISD,Houston,2013,447,3052,14.64613368
ALDINE ISD,Houston,2014,542,3080,17.5974026
ALDINE ISD,Houston,2015,539,3370,15.99406528
ALDINE ISD,Houston,2016,529,3556,14.87626547
ALDINE ISD,Houston,2017,569,3665,15.52523874
ALEDO ISD,Fort Worth,2011,97,372,26.07526882
ALEDO ISD,Fort Worth,2012,90,393,22.90076336
ALEDO ISD,Fort Worth,2013,82,349,23.49570201
ALEDO ISD,Fort Worth,2014,95,359,26.46239554
ALEDO ISD,Fort Worth,2015,103,420,24.52380952
ALEDO ISD,Fort Worth,2016,108,370,29.18918919
ALEDO ISD,Fort Worth,2017,101,402,25.12437811
ALIEF ISD,Houston,2011,492,2558,19.23377639
ALIEF ISD,Houston,2012,455,2425,18.7628866
ALIEF ISD,Houston,2013,461,2566,17.96570538
ALIEF ISD,Houston,2014,504,2600,19.38461538
ALIEF ISD,Houston,2015,503,2560,19.6484375
ALIEF ISD,Houston,2016,453,2639,17.16559303
ALIEF ISD,Houston,2017,516,2702,19.09696521
ALLEN ISD,Richardson,2011,221,1218,18.14449918
ALLEN ISD,Richardson,2012,271,1215,22.30452675
ALLEN ISD,Richardson,2013,257,1300,19.76923077
ALLEN ISD,Richardson,2014,295,1407,20.96659559
ALLEN ISD,Richardson,2015,357,1365,26.15384615
ALLEN ISD,Richardson,2016,351,1519,23.10730744
ALLEN ISD,Richardson,2017,390,1533,25.44031311
ALVARADO ISD,Fort Worth,2011,41,248,16.53225806
ALVARADO ISD,Fort Worth,2012,29,203,14.28571429
ALVARADO ISD,Fort Worth,2013,42,237,17.72151899
ALVARADO ISD,Fort Worth,2014,41,238,17.22689076
ALVARADO ISD,Fort Worth,2015,37,248,14.91935484
ALVARADO ISD,Fort Worth,2016,34,237,14.34599156
ALVARADO ISD,Fort Worth,2017,26,236,11.01694915
ALVIN ISD,Houston,2011,139,920,15.10869565
ALVIN ISD,Houston,2012,164,1021,16.06268364
ALVIN ISD,Houston,2013,188,1056,17.8030303
ALVIN ISD,Houston,2014,195,1022,19.08023483
ALVIN ISD,Houston,2015,230,1194,19.26298157
ALVIN ISD,Houston,2016,254,1317,19.28625664
ALVIN ISD,Houston,2017,251,1330,18.87218045
ALVORD ISD,Fort Worth,2011,8,48,16.66666667
ALVORD ISD,Fort Worth,2012,14,52,26.92307692
ALVORD ISD,Fort Worth,2013,13,37,35.13513514
ALVORD ISD,Fort Worth,2014,10,44,22.72727273
ALVORD ISD,Fort Worth,2015,16,56,28.57142857
ALVORD ISD,Fort Worth,2016,7,45,15.55555556
ALVORD ISD,Fort Worth,2017,7,51,13.7254902
ANAHUAC ISD,Houston,2011,27,108,25
ANAHUAC ISD,Houston,2012,15,85,17.64705882
ANAHUAC ISD,Houston,2013,18,81,22.22222222
ANAHUAC ISD,Houston,2014,21,65,32.30769231
ANAHUAC ISD,Houston,2015,18,81,22.22222222
ANAHUAC ISD,Houston,2016,17,88,19.31818182
ANAHUAC ISD,Houston,2017,25,86,29.06976744
ANGLETON ISD,Houston,2011,88,463,19.00647948
ANGLETON ISD,Houston,2012,54,404,13.36633663
ANGLETON ISD,Houston,2013,65,473,13.74207188
ANGLETON ISD,Houston,2014,70,417,16.78657074
ANGLETON ISD,Houston,2015,70,412,16.99029126
ANGLETON ISD,Houston,2016,71,433,16.39722864
ANGLETON ISD,Houston,2017,54,420,12.85714286
ANNA ISD,Richardson,2011,16,137,11.67883212
ANNA ISD,Richardson,2012,12,128,9.375
ANNA ISD,Richardson,2013,18,155,11.61290323
ANNA ISD,Richardson,2014,21,139,15.10791367
ANNA ISD,Richardson,2015,16,143,11.18881119
ANNA ISD,Richardson,2016,17,188,9.042553191
ANNA ISD,Richardson,2017,24,154,15.58441558
ARGYLE ISD,Fort Worth,2011,51,153,33.33333333
ARGYLE ISD,Fort Worth,2012,68,162,41.97530864
ARGYLE ISD,Fort Worth,2013,49,150,32.66666667
ARGYLE ISD,Fort Worth,2014,55,176,31.25
ARGYLE ISD,Fort Worth,2015,63,176,35.79545455
ARGYLE ISD,Fort Worth,2016,52,167,31.13772455
ARGYLE ISD,Fort Worth,2017,49,183,26.77595628
ARLINGTON ISD,Fort Worth,2011,807,3611,22.34837995
ARLINGTON ISD,Fort Worth,2012,749,3616,20.71349558
ARLINGTON ISD,Fort Worth,2013,790,3760,21.0106383
ARLINGTON ISD,Fort Worth,2014,790,3655,21.61422709
ARLINGTON ISD,Fort Worth,2015,800,3762,21.26528442
ARLINGTON ISD,Fort Worth,2016,829,3944,21.01926978
ARLINGTON ISD,Fort Worth,2017,895,4075,21.96319018
ATHENS ISD,Richardson,2017,39,228,17.10526316
AUBREY ISD,Fort Worth,2011,34,111,30.63063063
AUBREY ISD,Fort Worth,2012,22,105,20.95238095
AUBREY ISD,Fort Worth,2013,26,120,21.66666667
AUBREY ISD,Fort Worth,2014,35,141,24.82269504
AUBREY ISD,Fort Worth,2015,26,111,23.42342342
AUBREY ISD,Fort Worth,2016,41,153,26.79738562
AUBREY ISD,Fort Worth,2017,27,134,20.14925373
AUSTIN ISD,Austin,2011,855,4174,20.48394825
AUSTIN ISD,Austin,2012,873,4259,20.49776943
AUSTIN ISD,Austin,2013,858,4236,20.25495751
AUSTIN ISD,Austin,2014,898,4155,21.61251504
AUSTIN ISD,Austin,2015,889,4254,20.89797837
AUSTIN ISD,Austin,2016,922,4386,21.02143183
AUSTIN ISD,Austin,2017,866,4352,19.89889706
AVALON ISD,Richardson,2011,,19,
AVALON ISD,Richardson,2012,,19,
AVALON ISD,Richardson,2014,,21,
AVALON ISD,Richardson,2015,,18,
AVALON ISD,Richardson,2016,,18,
AVALON ISD,Richardson,2017,,17,
AZLE ISD,Fort Worth,2011,55,342,16.08187135
AZLE ISD,Fort Worth,2012,46,346,13.29479769
AZLE ISD,Fort Worth,2013,69,388,17.78350515
AZLE ISD,Fort Worth,2014,64,385,16.62337662
AZLE ISD,Fort Worth,2015,55,403,13.64764268
AZLE ISD,Fort Worth,2016,54,453,11.9205298
AZLE ISD,Fort Worth,2017,45,416,10.81730769
BANDERA ISD,San Antonio,2011,41,192,21.35416667
BANDERA ISD,San Antonio,2012,36,172,20.93023256
BANDERA ISD,San Antonio,2013,29,168,17.26190476
BANDERA ISD,San Antonio,2014,40,162,24.69135802
BANDERA ISD,San Antonio,2015,28,149,18.79194631
BANDERA ISD,San Antonio,2016,38,176,21.59090909
BANDERA ISD,San Antonio,2017,29,149,19.46308725
BARBERS HILL ISD,Houston,2011,63,282,22.34042553
BARBERS HILL ISD,Houston,2012,57,270,21.11111111
BARBERS HILL ISD,Houston,2013,52,289,17.99307958
BARBERS HILL ISD,Houston,2014,65,332,19.57831325
BARBERS HILL ISD,Houston,2015,88,319,27.5862069
BARBERS HILL ISD,Houston,2016,56,315,17.77777778
BARBERS HILL ISD,Houston,2017,92,344,26.74418605
BARTLETT ISD,Austin,2011,,15,
BARTLETT ISD,Austin,2012,,29,
BARTLETT ISD,Austin,2013,,39,
BARTLETT ISD,Austin,2014,,34,
BARTLETT ISD,Austin,2016,,23,
BARTLETT ISD,Austin,2017,,30,
BASTROP ISD,Austin,2011,112,525,21.33333333
BASTROP ISD,Austin,2012,89,515,17.2815534
BASTROP ISD,Austin,2013,94,617,15.2350081
BASTROP ISD,Austin,2014,97,569,17.04745167
BASTROP ISD,Austin,2015,92,578,15.91695502
BASTROP ISD,Austin,2016,129,721,17.89181692
BASTROP ISD,Austin,2017,132,679,19.44035346
BELLS ISD,Richardson,2011,5,54,9.259259259
BELLS ISD,Richardson,2012,,57,
BELLS ISD,Richardson,2013,,40,
BELLS ISD,Richardson,2014,6,58,10.34482759
BELLS ISD,Richardson,2015,12,44,27.27272727
BELLS ISD,Richardson,2016,7,51,13.7254902
BELLS ISD,Richardson,2017,5,49,10.20408163
BIRDVILLE ISD,Fort Worth,2011,213,1446,14.73029046
BIRDVILLE ISD,Fort Worth,2012,203,1353,15.00369549
BIRDVILLE ISD,Fort Worth,2013,269,1471,18.28687967
BIRDVILLE ISD,Fort Worth,2014,264,1480,17.83783784
BIRDVILLE ISD,Fort Worth,2015,262,1552,16.8814433
BIRDVILLE ISD,Fort Worth,2016,254,1518,16.73254282
BIRDVILLE ISD,Fort Worth,2017,253,1484,17.04851752
BLANCO ISD,Austin,2011,18,79,22.78481013
BLANCO ISD,Austin,2012,21,67,31.34328358
BLANCO ISD,Austin,2013,25,74,33.78378378
BLANCO ISD,Austin,2014,19,63,30.15873016
BLANCO ISD,Austin,2015,21,69,30.43478261
BLANCO ISD,Austin,2016,17,67,25.37313433
BLANCO ISD,Austin,2017,25,79,31.64556962
BLAND ISD,Richardson,2011,10,37,27.02702703
BLAND ISD,Richardson,2012,10,40,25
BLAND ISD,Richardson,2013,5,32,15.625
BLAND ISD,Richardson,2014,5,44,11.36363636
BLAND ISD,Richardson,2015,10,40,25
BLAND ISD,Richardson,2016,5,36,13.88888889
BLAND ISD,Richardson,2017,11,44,25
BLUE RIDGE ISD,Richardson,2011,,33,
BLUE RIDGE ISD,Richardson,2012,6,49,12.24489796
BLUE RIDGE ISD,Richardson,2013,9,47,19.14893617
BLUE RIDGE ISD,Richardson,2014,5,37,13.51351351
BLUE RIDGE ISD,Richardson,2015,9,49,18.36734694
BLUE RIDGE ISD,Richardson,2016,6,42,14.28571429
BLUE RIDGE ISD,Richardson,2017,7,40,17.5
BOERNE ISD,San Antonio,2011,181,506,35.77075099
BOERNE ISD,San Antonio,2012,144,525,27.42857143
BOERNE ISD,San Antonio,2013,175,569,30.75571178
BOERNE ISD,San Antonio,2014,179,558,32.07885305
BOERNE ISD,San Antonio,2015,155,557,27.82764811
BOERNE ISD,San Antonio,2016,197,580,33.96551724
BOERNE ISD,San Antonio,2017,206,654,31.49847095
BOLES ISD,Richardson,2011,6,41,14.63414634
BOLES ISD,Richardson,2013,9,37,24.32432432
BOLES ISD,Richardson,2014,7,43,16.27906977
BOLES ISD,Richardson,2015,9,31,29.03225806
BOLES ISD,Richardson,2016,7,51,13.7254902
BOLES ISD,Richardson,2017,11,48,22.91666667
BONHAM ISD,Richardson,2011,10,107,9.345794393
BONHAM ISD,Richardson,2012,12,117,10.25641026
BONHAM ISD,Richardson,2013,9,115,7.826086957
BONHAM ISD,Richardson,2014,16,109,14.67889908
BONHAM ISD,Richardson,2015,22,112,19.64285714
BONHAM ISD,Richardson,2016,12,119,10.08403361
BONHAM ISD,Richardson,2017,14,106,13.20754717
BOYD ISD,Fort Worth,2011,18,83,21.68674699
BOYD ISD,Fort Worth,2012,27,97,27.83505155
BOYD ISD,Fort Worth,2013,22,85,25.88235294
BOYD ISD,Fort Worth,2014,25,83,30.12048193
BOYD ISD,Fort Worth,2015,14,91,15.38461538
BOYD ISD,Fort Worth,2016,10,97,10.30927835
BOYD ISD,Fort Worth,2017,11,60,18.33333333
BRACKETT ISD,San Antonio,2011,14,58,24.13793103
BRACKETT ISD,San Antonio,2012,8,32,25
BRACKETT ISD,San Antonio,2013,6,38,15.78947368
BRACKETT ISD,San Antonio,2014,9,53,16.98113208
BRACKETT ISD,San Antonio,2015,12,48,25
BRACKETT ISD,San Antonio,2016,7,38,18.42105263
BRACKETT ISD,San Antonio,2017,13,47,27.65957447
BRAZOSPORT ISD,Houston,2011,129,874,14.7597254
BRAZOSPORT ISD,Houston,2012,121,785,15.41401274
BRAZOSPORT ISD,Houston,2013,126,759,16.60079051
BRAZOSPORT ISD,Houston,2014,130,736,17.66304348
BRAZOSPORT ISD,Houston,2015,119,793,15.00630517
BRAZOSPORT ISD,Houston,2016,126,802,15.71072319
BRAZOSPORT ISD,Houston,2017,91,807,11.27633209
BRIDGEPORT ISD,Fort Worth,2011,27,150,18
BRIDGEPORT ISD,Fort Worth,2012,15,150,10
BRIDGEPORT ISD,Fort Worth,2013,21,129,16.27906977
BRIDGEPORT ISD,Fort Worth,2014,22,134,16.41791045
BRIDGEPORT ISD,Fort Worth,2015,24,142,16.90140845
BRIDGEPORT ISD,Fort Worth,2016,23,162,14.19753086
BRIDGEPORT ISD,Fort Worth,2017,20,135,14.81481481
BROCK ISD,Fort Worth,2011,14,70,20
BROCK ISD,Fort Worth,2012,16,68,23.52941176
BROCK ISD,Fort Worth,2013,9,60,15
BROCK ISD,Fort Worth,2014,9,70,12.85714286
BROCK ISD,Fort Worth,2015,16,70,22.85714286
BROCK ISD,Fort Worth,2016,35,85,41.17647059
BROCK ISD,Fort Worth,2017,39,97,40.20618557
BURLESON ISD,Fort Worth,2011,100,636,15.72327044
BURLESON ISD,Fort Worth,2012,93,607,15.32125206
BURLESON ISD,Fort Worth,2013,99,683,14.49487555
BURLESON ISD,Fort Worth,2014,138,725,19.03448276
BURLESON ISD,Fort Worth,2015,114,752,15.15957447
BURLESON ISD,Fort Worth,2016,139,784,17.72959184
BURLESON ISD,Fort Worth,2017,145,853,16.99882767
CADDO MILLS ISD,Richardson,2011,23,107,21.4953271
CADDO MILLS ISD,Richardson,2012,21,105,20
CADDO MILLS ISD,Richardson,2013,16,103,15.53398058
CADDO MILLS ISD,Richardson,2014,24,111,21.62162162
CADDO MILLS ISD,Richardson,2015,17,92,18.47826087
CADDO MILLS ISD,Richardson,2016,23,97,23.71134021
CADDO MILLS ISD,Richardson,2017,27,120,22.5
CALLISBURG ISD,Fort Worth,2011,7,83,8.43373494
CALLISBURG ISD,Fort Worth,2012,7,74,9.459459459
CALLISBURG ISD,Fort Worth,2013,10,79,12.65822785
CALLISBURG ISD,Fort Worth,2014,6,81,7.407407407
CALLISBURG ISD,Fort Worth,2015,16,87,18.3908046
CALLISBURG ISD,Fort Worth,2016,8,76,10.52631579
CALLISBURG ISD,Fort Worth,2017,12,76,15.78947368
CAMPBELL ISD,Richardson,2014,,20,
CAMPBELL ISD,Richardson,2015,,27,
CAMPBELL ISD,Richardson,2016,7,29,24.13793103
CAMPBELL ISD,Richardson,2017,,24,
CANTON ISD,Richardson,2011,21,129,16.27906977
CANTON ISD,Richardson,2012,25,132,18.93939394
CANTON ISD,Richardson,2013,41,141,29.07801418
CANTON ISD,Richardson,2014,33,139,23.74100719
CANTON ISD,Richardson,2015,30,136,22.05882353
CANTON ISD,Richardson,2016,33,129,25.58139535
CANTON ISD,Richardson,2017,38,166,22.89156627
CARROLL ISD,Fort Worth,2011,130,565,23.00884956
CARROLL ISD,Fort Worth,2012,172,669,25.71001495
CARROLL ISD,Fort Worth,2013,144,589,24.44821732
CARROLL ISD,Fort Worth,2014,179,620,28.87096774
CARROLL ISD,Fort Worth,2015,188,661,28.44175492
CARROLL ISD,Fort Worth,2016,175,617,28.363047
CARROLL ISD,Fort Worth,2017,188,664,28.31325301
CARROLLTON-FARMERS BRANCH ISD,Richardson,2011,318,1568,20.28061224
CARROLLTON-FARMERS BRANCH ISD,Richardson,2012,281,1617,17.37786024
CARROLLTON-FARMERS BRANCH ISD,Richardson,2013,285,1671,17.0556553
CARROLLTON-FARMERS BRANCH ISD,Richardson,2014,326,1641,19.86593541
CARROLLTON-FARMERS BRANCH ISD,Richardson,2015,303,1650,18.36363636
CARROLLTON-FARMERS BRANCH ISD,Richardson,2016,276,1608,17.1641791
CARROLLTON-FARMERS BRANCH ISD,Richardson,2017,321,1597,20.10018785
CASTLEBERRY ISD,Fort Worth,2011,35,172,20.34883721
CASTLEBERRY ISD,Fort Worth,2012,23,164,14.02439024
CASTLEBERRY ISD,Fort Worth,2013,19,174,10.91954023
CASTLEBERRY ISD,Fort Worth,2014,23,187,12.29946524
CASTLEBERRY ISD,Fort Worth,2015,23,188,12.23404255
CASTLEBERRY ISD,Fort Worth,2016,28,200,14
CASTLEBERRY ISD,Fort Worth,2017,14,214,6.542056075
CEDAR HILL ISD,Richardson,2011,120,534,22.47191011
CEDAR HILL ISD,Richardson,2012,175,528,33.14393939
CEDAR HILL ISD,Richardson,2013,156,591,26.39593909
CEDAR HILL ISD,Richardson,2014,156,541,28.83548983
CEDAR HILL ISD,Richardson,2015,174,613,28.38499184
CEDAR HILL ISD,Richardson,2016,184,595,30.92436975
CEDAR HILL ISD,Richardson,2017,186,594,31.31313131
CELESTE ISD,Richardson,2014,9,39,23.07692308
CELESTE ISD,Richardson,2015,11,43,25.58139535
CELESTE ISD,Richardson,2016,6,36,16.66666667
CELESTE ISD,Richardson,2017,9,37,24.32432432
CELINA ISD,Richardson,2011,28,115,24.34782609
CELINA ISD,Richardson,2012,24,145,16.55172414
CELINA ISD,Richardson,2013,36,148,24.32432432
CELINA ISD,Richardson,2014,25,134,18.65671642
CELINA ISD,Richardson,2015,25,152,16.44736842
CELINA ISD,Richardson,2016,31,173,17.91907514
CELINA ISD,Richardson,2017,42,163,25.76687117
CENTER POINT ISD,San Antonio,2011,8,37,21.62162162
CENTER POINT ISD,San Antonio,2012,,40,
CENTER POINT ISD,San Antonio,2013,7,51,13.7254902
CENTER POINT ISD,San Antonio,2014,10,37,27.02702703
CENTER POINT ISD,San Antonio,2015,,43,
CENTER POINT ISD,San Antonio,2016,,43,
CENTER POINT ISD,San Antonio,2017,5,33,15.15151515
CHANNELVIEW ISD,Houston,2011,53,491,10.79429735
CHANNELVIEW ISD,Houston,2012,62,498,12.4497992
CHANNELVIEW ISD,Houston,2013,59,481,12.26611227
CHANNELVIEW ISD,Houston,2014,62,486,12.75720165
CHANNELVIEW ISD,Houston,2015,86,498,17.26907631
CHANNELVIEW ISD,Houston,2016,75,554,13.53790614
CHANNELVIEW ISD,Houston,2017,69,609,11.33004926
CHARLOTTE ISD,San Antonio,2011,6,39,15.38461538
CHARLOTTE ISD,San Antonio,2012,8,34,23.52941176
CHARLOTTE ISD,San Antonio,2013,,28,
CHARLOTTE ISD,San Antonio,2014,,27,
CHARLOTTE ISD,San Antonio,2015,5,35,14.28571429
CHARLOTTE ISD,San Antonio,2016,,26,
CHARLOTTE ISD,San Antonio,2017,8,41,19.51219512
CHICO ISD,Fort Worth,2011,,41,
CHICO ISD,Fort Worth,2012,,36,
CHICO ISD,Fort Worth,2013,,46,
CHICO ISD,Fort Worth,2014,8,42,19.04761905
CHICO ISD,Fort Worth,2015,5,39,12.82051282
CHICO ISD,Fort Worth,2016,8,52,15.38461538
CHICO ISD,Fort Worth,2017,5,50,10
CLEAR CREEK ISD,Houston,2011,800,2671,29.95132909
CLEAR CREEK ISD,Houston,2012,737,2700,27.2962963
CLEAR CREEK ISD,Houston,2013,746,2797,26.67143368
CLEAR CREEK ISD,Houston,2014,875,2748,31.84133916
CLEAR CREEK ISD,Houston,2015,887,2981,29.75511573
CLEAR CREEK ISD,Houston,2016,823,2914,28.242965
CLEAR CREEK ISD,Houston,2017,947,3018,31.37839629
CLEBURNE ISD,Fort Worth,2011,55,389,14.13881748
CLEBURNE ISD,Fort Worth,2012,76,418,18.18181818
CLEBURNE ISD,Fort Worth,2013,62,405,15.30864198
CLEBURNE ISD,Fort Worth,2014,71,394,18.02030457
CLEBURNE ISD,Fort Worth,2015,52,361,14.40443213
CLEBURNE ISD,Fort Worth,2016,63,437,14.41647597
CLEBURNE ISD,Fort Worth,2017,47,396,11.86868687
CLEVELAND ISD,Houston,2011,20,160,12.5
CLEVELAND ISD,Houston,2012,26,206,12.62135922
CLEVELAND ISD,Houston,2013,16,157,10.1910828
CLEVELAND ISD,Houston,2014,21,163,12.88343558
CLEVELAND ISD,Houston,2015,20,206,9.708737864
CLEVELAND ISD,Houston,2016,23,196,11.73469388
CLEVELAND ISD,Houston,2017,25,224,11.16071429
COLLINSVILLE ISD,Richardson,2012,11,44,25
COLLINSVILLE ISD,Richardson,2014,7,26,26.92307692
COLLINSVILLE ISD,Richardson,2017,9,41,21.95121951
COLUMBIA-BRAZORIA ISD,Houston,2011,26,195,13.33333333
COLUMBIA-BRAZORIA ISD,Houston,2012,21,185,11.35135135
COLUMBIA-BRAZORIA ISD,Houston,2013,35,207,16.90821256
COLUMBIA-BRAZORIA ISD,Houston,2014,17,180,9.444444444
COLUMBIA-BRAZORIA ISD,Houston,2015,28,175,16
COLUMBIA-BRAZORIA ISD,Houston,2016,29,187,15.50802139
COLUMBIA-BRAZORIA ISD,Houston,2017,30,179,16.75977654
COMAL ISD,Austin,2011,336,1159,28.99050906
COMAL ISD,Austin,2012,295,1116,26.43369176
COMAL ISD,Austin,2013,323,1232,26.21753247
COMAL ISD,Austin,2014,379,1263,30.00791766
COMAL ISD,Austin,2015,369,1380,26.73913043
COMAL ISD,Austin,2016,369,1406,26.24466572
COMAL ISD,San Antonio,2017,372,1490,24.96644295
COMFORT ISD,Austin,2011,21,90,23.33333333
COMFORT ISD,Austin,2012,19,63,30.15873016
COMFORT ISD,Austin,2013,24,77,31.16883117
COMFORT ISD,Austin,2014,26,79,32.91139241
COMFORT ISD,Austin,2015,27,101,26.73267327
COMFORT ISD,Austin,2016,13,64,20.3125
COMFORT ISD,Austin,2017,14,82,17.07317073
COMMERCE ISD,Richardson,2011,34,112,30.35714286
COMMERCE ISD,Richardson,2012,30,97,30.92783505
COMMERCE ISD,Richardson,2013,34,116,29.31034483
COMMERCE ISD,Richardson,2014,39,98,39.79591837
COMMERCE ISD,Richardson,2015,32,86,37.20930233
COMMERCE ISD,Richardson,2016,35,118,29.66101695
COMMERCE ISD,Richardson,2017,28,119,23.52941176
COMMUNITY ISD,Richardson,2011,13,98,13.26530612
COMMUNITY ISD,Richardson,2012,13,88,14.77272727
COMMUNITY ISD,Richardson,2013,19,125,15.2
COMMUNITY ISD,Richardson,2014,14,103,13.59223301
COMMUNITY ISD,Richardson,2015,16,103,15.53398058
COMMUNITY ISD,Richardson,2016,17,108,15.74074074
COMMUNITY ISD,Richardson,2017,28,142,19.71830986
COPPELL ISD,Richardson,2011,249,727,34.25034388
COPPELL ISD,Richardson,2012,208,778,26.73521851
COPPELL ISD,Richardson,2013,252,781,32.26632522
COPPELL ISD,Richardson,2014,297,827,35.91293833
COPPELL ISD,Richardson,2015,299,853,35.05275498
COPPELL ISD,Richardson,2016,262,896,29.24107143
COPPELL ISD,Richardson,2017,312,895,34.8603352
COTULLA ISD,San Antonio,2011,12,68,17.64705882
COTULLA ISD,San Antonio,2012,15,72,20.83333333
COTULLA ISD,San Antonio,2013,7,62,11.29032258
COTULLA ISD,San Antonio,2014,,52,
COTULLA ISD,San Antonio,2015,16,79,20.25316456
COTULLA ISD,San Antonio,2016,18,83,21.68674699
COTULLA ISD,San Antonio,2017,17,86,19.76744186
CRANDALL ISD,Richardson,2011,39,176,22.15909091
CRANDALL ISD,Richardson,2012,35,191,18.32460733
CRANDALL ISD,Richardson,2013,36,190,18.94736842
CRANDALL ISD,Richardson,2014,38,226,16.81415929
CRANDALL ISD,Richardson,2015,42,216,19.44444444
CRANDALL ISD,Richardson,2016,41,227,18.06167401
CRANDALL ISD,Richardson,2017,42,230,18.26086957
CROSBY ISD,Houston,2011,54,321,16.82242991
CROSBY ISD,Houston,2012,45,315,14.28571429
CROSBY ISD,Houston,2013,50,335,14.92537313
CROSBY ISD,Houston,2014,46,307,14.98371336
CROSBY ISD,Houston,2015,53,321,16.51090343
CROSBY ISD,Houston,2016,61,399,15.28822055
CROSBY ISD,Houston,2017,69,356,19.38202247
CROWLEY ISD,Fort Worth,2011,181,905,20
CROWLEY ISD,Fort Worth,2012,190,910,20.87912088
CROWLEY ISD,Fort Worth,2013,195,994,19.61770624
CROWLEY ISD,Fort Worth,2014,198,885,22.37288136
CROWLEY ISD,Fort Worth,2015,170,1003,16.94915254
CROWLEY ISD,Fort Worth,2016,207,1020,20.29411765
CROWLEY ISD,Fort Worth,2017,156,1027,15.18987342
CRYSTAL CITY ISD,San Antonio,2011,8,114,7.01754386
CRYSTAL CITY ISD,San Antonio,2012,15,118,12.71186441
CRYSTAL CITY ISD,San Antonio,2013,10,113,8.849557522
CRYSTAL CITY ISD,San Antonio,2014,20,109,18.34862385
CRYSTAL CITY ISD,San Antonio,2015,8,90,8.888888889
CRYSTAL CITY ISD,San Antonio,2016,7,126,5.555555556
CRYSTAL CITY ISD,San Antonio,2017,14,125,11.2
CYPRESS-FAIRBANKS ISD,Houston,2011,1481,6310,23.47068146
CYPRESS-FAIRBANKS ISD,Houston,2012,1397,6419,21.76351457
CYPRESS-FAIRBANKS ISD,Houston,2013,1515,6982,21.69865368
CYPRESS-FAIRBANKS ISD,Houston,2014,1696,7161,23.68384304
CYPRESS-FAIRBANKS ISD,Houston,2015,1637,7479,21.88795293
CYPRESS-FAIRBANKS ISD,Houston,2016,1776,7804,22.75756023
CYPRESS-FAIRBANKS ISD,Houston,2017,1727,8072,21.39494549
DALLAS ISD,Richardson,2011,1118,7267,15.38461538
DALLAS ISD,Richardson,2012,1247,7275,17.14089347
DALLAS ISD,Richardson,2013,1214,7706,15.75395795
DALLAS ISD,Richardson,2014,1222,7410,16.49122807
DALLAS ISD,Richardson,2015,1253,7505,16.69553631
DALLAS ISD,Richardson,2016,1264,7774,16.25932596
DALLAS ISD,Richardson,2017,1446,7685,18.81587508
DANBURY ISD,Houston,2011,7,60,11.66666667
DANBURY ISD,Houston,2012,8,41,19.51219512
DANBURY ISD,Houston,2014,11,66,16.66666667
DANBURY ISD,Houston,2015,10,55,18.18181818
DANBURY ISD,Houston,2016,8,46,17.39130435
DANBURY ISD,Houston,2017,11,59,18.6440678
DAYTON ISD,Houston,2011,38,300,12.66666667
DAYTON ISD,Houston,2012,38,348,10.91954023
DAYTON ISD,Houston,2013,36,336,10.71428571
DAYTON ISD,Houston,2014,37,314,11.78343949
DAYTON ISD,Houston,2015,40,319,12.53918495
DAYTON ISD,Houston,2016,40,304,13.15789474
DAYTON ISD,Houston,2017,47,364,12.91208791
DECATUR ISD,Fort Worth,2011,50,209,23.92344498
DECATUR ISD,Fort Worth,2012,33,205,16.09756098
DECATUR ISD,Fort Worth,2013,33,186,17.74193548
DECATUR ISD,Fort Worth,2014,32,203,15.7635468
DECATUR ISD,Fort Worth,2015,39,200,19.5
DECATUR ISD,Fort Worth,2016,47,188,25
DECATUR ISD,Fort Worth,2017,52,200,26
DEER PARK ISD,Houston,2011,136,864,15.74074074
DEER PARK ISD,Houston,2012,118,855,13.80116959
DEER PARK ISD,Houston,2013,129,855,15.0877193
DEER PARK ISD,Houston,2014,120,928,12.93103448
DEER PARK ISD,Houston,2015,111,904,12.27876106
DEER PARK ISD,Houston,2016,147,991,14.83350151
DEER PARK ISD,Houston,2017,145,927,15.64185545
DEL VALLE ISD,Austin,2011,81,612,13.23529412
DEL VALLE ISD,Austin,2012,89,616,14.44805195
DEL VALLE ISD,Austin,2013,74,611,12.11129296
DEL VALLE ISD,Austin,2014,66,586,11.26279863
DEL VALLE ISD,Austin,2015,89,627,14.19457735
DEL VALLE ISD,Austin,2016,73,691,10.56439942
DEL VALLE ISD,Austin,2017,89,632,14.08227848
DENISON ISD,Richardson,2011,32,319,10.03134796
DENISON ISD,Richardson,2012,21,290,7.24137931
DENISON ISD,Richardson,2013,32,282,11.34751773
DENISON ISD,Richardson,2014,26,282,9.219858156
DENISON ISD,Richardson,2015,32,283,11.30742049
DENISON ISD,Richardson,2016,18,311,5.78778135
DENISON ISD,Richardson,2017,32,263,12.16730038
DENTON ISD,Fort Worth,2011,260,1259,20.65131056
DENTON ISD,Fort Worth,2012,280,1229,22.7827502
DENTON ISD,Fort Worth,2013,292,1364,21.40762463
DENTON ISD,Fort Worth,2014,320,1510,21.19205298
DENTON ISD,Fort Worth,2015,290,1549,18.72175597
DENTON ISD,Fort Worth,2016,296,1543,19.18340894
DENTON ISD,Fort Worth,2017,270,1657,16.29450815
DESOTO ISD,Richardson,2011,148,524,28.24427481
DESOTO ISD,Richardson,2012,168,603,27.86069652
DESOTO ISD,Richardson,2013,131,563,23.26820604
DESOTO ISD,Richardson,2014,156,711,21.94092827
DESOTO ISD,Richardson,2015,152,678,22.41887906
DESOTO ISD,Richardson,2016,167,657,25.41856925
DESOTO ISD,Richardson,2017,198,733,27.01227831
DEVINE ISD,San Antonio,2011,24,131,18.32061069
DEVINE ISD,San Antonio,2012,21,120,17.5
DEVINE ISD,San Antonio,2013,25,134,18.65671642
DEVINE ISD,San Antonio,2014,23,141,16.31205674
DEVINE ISD,San Antonio,2015,19,130,14.61538462
DEVINE ISD,San Antonio,2016,25,123,20.32520325
DEVINE ISD,San Antonio,2017,26,131,19.84732824
DICKINSON ISD,Houston,2011,65,509,12.77013752
DICKINSON ISD,Houston,2012,85,556,15.28776978
DICKINSON ISD,Houston,2013,81,557,14.54219031
DICKINSON ISD,Houston,2014,86,544,15.80882353
DICKINSON ISD,Houston,2015,95,568,16.72535211
DICKINSON ISD,Houston,2016,94,597,15.74539363
DICKINSON ISD,Houston,2017,107,638,16.77115987
DILLEY ISD,San Antonio,2011,11,64,17.1875
DILLEY ISD,San Antonio,2014,10,51,19.60784314
DILLEY ISD,San Antonio,2015,9,60,15
DILLEY ISD,San Antonio,2016,5,63,7.936507937
DILLEY ISD,San Antonio,2017,11,57,19.29824561
DIME BOX ISD,Austin,2011,,8,
DIME BOX ISD,Austin,2012,,7,
DIME BOX ISD,Austin,2013,,7,
DIME BOX ISD,Austin,2014,,10,
DIME BOX ISD,Austin,2015,,15,
DIME BOX ISD,Austin,2016,,14,
DODD CITY ISD,Richardson,2017,8,28,28.57142857
DRIPPING SPRINGS ISD,Austin,2011,104,288,36.11111111
DRIPPING SPRINGS ISD,Austin,2012,99,279,35.48387097
DRIPPING SPRINGS ISD,Austin,2013,97,321,30.21806854
DRIPPING SPRINGS ISD,Austin,2014,109,334,32.63473054
DRIPPING SPRINGS ISD,Austin,2015,87,336,25.89285714
DRIPPING SPRINGS ISD,Austin,2016,111,370,30
DRIPPING SPRINGS ISD,Austin,2017,136,406,33.49753695
DUBLIN ISD,Fort Worth,2011,19,57,33.33333333
DUBLIN ISD,Fort Worth,2012,23,72,31.94444444
DUBLIN ISD,Fort Worth,2013,16,62,25.80645161
DUBLIN ISD,Fort Worth,2014,18,70,25.71428571
DUBLIN ISD,Fort Worth,2015,20,57,35.0877193
DUBLIN ISD,Fort Worth,2016,20,72,27.77777778
DUBLIN ISD,Fort Worth,2017,16,59,27.11864407
DUNCANVILLE ISD,Richardson,2011,150,733,20.4638472
DUNCANVILLE ISD,Richardson,2012,123,753,16.33466135
DUNCANVILLE ISD,Richardson,2013,148,797,18.56963614
DUNCANVILLE ISD,Richardson,2014,159,823,19.31956258
DUNCANVILLE ISD,Richardson,2015,197,851,23.14923619
DUNCANVILLE ISD,Richardson,2016,185,872,21.21559633
DUNCANVILLE ISD,Richardson,2017,235,945,24.86772487
EAGLE MT-SAGINAW ISD,Fort Worth,2011,131,893,14.66965286
EAGLE MT-SAGINAW ISD,Fort Worth,2012,177,910,19.45054945
EAGLE MT-SAGINAW ISD,Fort Worth,2013,194,999,19.41941942
EAGLE MT-SAGINAW ISD,Fort Worth,2014,182,1113,16.35220126
EAGLE MT-SAGINAW ISD,Fort Worth,2015,191,1194,15.99664992
EAGLE MT-SAGINAW ISD,Fort Worth,2016,224,1297,17.27062452
EAGLE MT-SAGINAW ISD,Fort Worth,2017,239,1356,17.62536873
EAGLE PASS ISD,San Antonio,2011,189,886,21.33182844
EAGLE PASS ISD,San Antonio,2012,189,936,20.19230769
EAGLE PASS ISD,San Antonio,2013,192,963,19.9376947
EAGLE PASS ISD,San Antonio,2014,183,919,19.91294886
EAGLE PASS ISD,San Antonio,2015,165,906,18.21192053
EAGLE PASS ISD,San Antonio,2016,187,989,18.90798787
EAGLE PASS ISD,San Antonio,2017,251,1079,23.26227989
EANES ISD,Austin,2011,222,617,35.98055105
EANES ISD,Austin,2012,195,629,31.00158983
EANES ISD,Austin,2013,190,597,31.82579564
EANES ISD,Austin,2014,222,647,34.3122102
EANES ISD,Austin,2015,173,592,29.22297297
EANES ISD,Austin,2016,182,605,30.08264463
EANES ISD,Austin,2017,204,651,31.33640553
EAST CENTRAL ISD,San Antonio,2011,68,604,11.25827815
EAST CENTRAL ISD,San Antonio,2012,84,589,14.2614601
EAST CENTRAL ISD,San Antonio,2013,93,668,13.92215569
EAST CENTRAL ISD,San Antonio,2014,80,627,12.75917065
EAST CENTRAL ISD,San Antonio,2015,100,687,14.55604076
EAST CENTRAL ISD,San Antonio,2016,102,703,14.50924609
EAST CENTRAL ISD,San Antonio,2017,91,697,13.05595409
EAST CHAMBERS ISD,Houston,2011,29,89,32.58426966
EAST CHAMBERS ISD,Houston,2012,20,86,23.25581395
ECTOR ISD,Richardson,2011,5,20,25
ECTOR ISD,Richardson,2012,,22,
ECTOR ISD,Richardson,2013,,22,
ECTOR ISD,Richardson,2014,,17,
ECTOR ISD,Richardson,2015,,19,
ECTOR ISD,Richardson,2016,,19,
ECTOR ISD,Richardson,2017,,20,
EDGEWOOD ISD,San Antonio,2011,66,594,11.11111111
EDGEWOOD ISD,San Antonio,2012,65,481,13.51351351
EDGEWOOD ISD,San Antonio,2013,64,549,11.6575592
EDGEWOOD ISD,San Antonio,2014,58,533,10.88180113
EDGEWOOD ISD,San Antonio,2015,54,562,9.608540925
EDGEWOOD ISD,San Antonio,2016,57,572,9.965034965
EDGEWOOD ISD,San Antonio,2017,65,591,10.99830795
ELGIN ISD,Austin,2011,47,212,22.16981132
ELGIN ISD,Austin,2012,53,266,19.92481203
ELGIN ISD,Austin,2013,37,239,15.48117155
ELGIN ISD,Austin,2014,46,249,18.47389558
ELGIN ISD,Austin,2015,59,314,18.78980892
ELGIN ISD,Austin,2016,52,313,16.61341853
ELGIN ISD,Austin,2017,43,288,14.93055556
ENNIS ISD,Richardson,2011,61,348,17.52873563
ENNIS ISD,Richardson,2012,54,328,16.46341463
ENNIS ISD,Richardson,2013,49,345,14.20289855
ENNIS ISD,Richardson,2014,50,341,14.6627566
ENNIS ISD,Richardson,2015,53,375,14.13333333
ENNIS ISD,Richardson,2016,25,351,7.122507123
ENNIS ISD,Richardson,2017,41,389,10.53984576
ERA ISD,Fort Worth,2011,6,35,17.14285714
ERA ISD,Fort Worth,2012,,21,
ERA ISD,Fort Worth,2014,7,24,29.16666667
ERA ISD,Fort Worth,2015,7,41,17.07317073
ERA ISD,Fort Worth,2016,11,37,29.72972973
ERA ISD,Fort Worth,2017,6,35,17.14285714
EVERMAN ISD,Fort Worth,2011,37,216,17.12962963
EVERMAN ISD,Fort Worth,2012,40,237,16.87763713
EVERMAN ISD,Fort Worth,2013,50,275,18.18181818
EVERMAN ISD,Fort Worth,2014,44,273,16.11721612
EVERMAN ISD,Fort Worth,2015,42,313,13.41853035
EVERMAN ISD,Fort Worth,2016,47,351,13.39031339
EVERMAN ISD,Fort Worth,2017,41,351,11.68091168
FALLS CITY ISD,San Antonio,2013,20,34,58.82352941
FALLS CITY ISD,San Antonio,2014,10,27,37.03703704
FALLS CITY ISD,San Antonio,2015,11,26,42.30769231
FALLS CITY ISD,San Antonio,2016,19,35,54.28571429
FALLS CITY ISD,San Antonio,2017,9,35,25.71428571
FARMERSVILLE ISD,Richardson,2011,13,85,15.29411765
FARMERSVILLE ISD,Richardson,2012,12,94,12.76595745
FARMERSVILLE ISD,Richardson,2013,12,94,12.76595745
FARMERSVILLE ISD,Richardson,2014,16,96,16.66666667
FARMERSVILLE ISD,Richardson,2015,20,111,18.01801802
FARMERSVILLE ISD,Richardson,2016,12,77,15.58441558
FARMERSVILLE ISD,Richardson,2017,13,86,15.11627907
FAYETTEVILLE ISD,Austin,2011,7,15,46.66666667
FAYETTEVILLE ISD,Austin,2012,,18,
FAYETTEVILLE ISD,Austin,2014,,17,
FAYETTEVILLE ISD,Austin,2015,,13,
FAYETTEVILLE ISD,Austin,2016,,14,
FAYETTEVILLE ISD,Austin,2017,,10,
FERRIS ISD,Richardson,2011,9,138,6.52173913
FERRIS ISD,Richardson,2012,24,157,15.2866242
FERRIS ISD,Richardson,2013,19,134,14.17910448
FERRIS ISD,Richardson,2014,17,157,10.82802548
FERRIS ISD,Richardson,2015,13,151,8.609271523
FERRIS ISD,Richardson,2016,17,159,10.6918239
FERRIS ISD,Richardson,2017,9,149,6.040268456
FLATONIA ISD,Austin,2011,12,42,28.57142857
FLATONIA ISD,Austin,2012,6,31,19.35483871
FLATONIA ISD,Austin,2013,11,48,22.91666667
FLATONIA ISD,Austin,2014,6,43,13.95348837
FLATONIA ISD,Austin,2015,7,39,17.94871795
FLATONIA ISD,Austin,2016,14,51,27.45098039
FLATONIA ISD,Austin,2017,9,46,19.56521739
FLORENCE ISD,Austin,2011,17,69,24.63768116
FLORENCE ISD,Austin,2012,26,79,32.91139241
FLORENCE ISD,Austin,2013,14,75,18.66666667
FLORENCE ISD,Austin,2014,17,72,23.61111111
FLORENCE ISD,Austin,2015,14,76,18.42105263
FLORENCE ISD,Austin,2016,12,72,16.66666667
FLORENCE ISD,Austin,2017,17,72,23.61111111
FLORESVILLE ISD,San Antonio,2011,34,267,12.7340824
FLORESVILLE ISD,San Antonio,2012,59,279,21.14695341
FLORESVILLE ISD,San Antonio,2013,62,321,19.31464174
FLORESVILLE ISD,San Antonio,2014,52,255,20.39215686
FLORESVILLE ISD,San Antonio,2015,61,280,21.78571429
FLORESVILLE ISD,San Antonio,2016,45,273,16.48351648
FLORESVILLE ISD,San Antonio,2017,44,280,15.71428571
FORNEY ISD,Richardson,2011,93,453,20.52980132
FORNEY ISD,Richardson,2012,93,478,19.45606695
FORNEY ISD,Richardson,2013,108,546,19.78021978
FORNEY ISD,Richardson,2014,99,553,17.90235081
FORNEY ISD,Richardson,2015,114,615,18.53658537
FORNEY ISD,Richardson,2016,133,620,21.4516129
FORNEY ISD,Richardson,2017,134,627,21.37161085
FORT BEND ISD,Houston,2011,1565,4836,32.36145575
FORT BEND ISD,Houston,2012,1579,5027,31.41038393
FORT BEND ISD,Houston,2013,1557,5077,30.66771716
FORT BEND ISD,Houston,2014,1713,5031,34.04889684
FORT BEND ISD,Houston,2015,1782,5437,32.77542763
FORT BEND ISD,Houston,2016,1692,5411,31.26963593
FORT BEND ISD,Houston,2017,1717,5487,31.29214507
FORT WORTH ISD,Fort Worth,2011,547,3863,14.15997929
FORT WORTH ISD,Fort Worth,2012,539,3642,14.79956068
FORT WORTH ISD,Fort Worth,2013,558,3646,15.30444323
FORT WORTH ISD,Fort Worth,2014,584,3740,15.61497326
FORT WORTH ISD,Fort Worth,2015,653,3891,16.78231817
FORT WORTH ISD,Fort Worth,2016,614,4033,15.22439871
FORT WORTH ISD,Fort Worth,2017,733,4306,17.02275894
FREDERICKSBURG ISD,Austin,2011,62,242,25.61983471
FREDERICKSBURG ISD,Austin,2012,58,219,26.48401826
FREDERICKSBURG ISD,Austin,2013,70,246,28.45528455
FREDERICKSBURG ISD,Austin,2014,63,235,26.80851064
FREDERICKSBURG ISD,Austin,2015,67,227,29.5154185
FREDERICKSBURG ISD,Austin,2016,65,230,28.26086957
FREDERICKSBURG ISD,Austin,2017,48,228,21.05263158
FRIENDSWOOD ISD,Houston,2011,154,493,31.23732252
FRIENDSWOOD ISD,Houston,2012,145,485,29.89690722
FRIENDSWOOD ISD,Houston,2013,155,481,32.22453222
FRIENDSWOOD ISD,Houston,2014,153,491,31.16089613
FRIENDSWOOD ISD,Houston,2015,175,532,32.89473684
FRIENDSWOOD ISD,Houston,2016,175,530,33.01886792
FRIENDSWOOD ISD,Houston,2017,205,540,37.96296296
FRISCO ISD,Richardson,2011,358,1740,20.57471264
FRISCO ISD,Richardson,2012,451,1962,22.98674822
FRISCO ISD,Richardson,2013,517,2234,23.14234557
FRISCO ISD,Richardson,2014,603,2388,25.25125628
FRISCO ISD,Richardson,2015,689,2707,25.45253048
FRISCO ISD,Richardson,2016,754,2986,25.25117214
FRISCO ISD,Richardson,2017,889,3452,25.75318656
FT SAM HOUSTON ISD,San Antonio,2011,14,63,22.22222222
FT SAM HOUSTON ISD,San Antonio,2012,12,65,18.46153846
FT SAM HOUSTON ISD,San Antonio,2013,13,76,17.10526316
FT SAM HOUSTON ISD,San Antonio,2014,17,84,20.23809524
FT SAM HOUSTON ISD,San Antonio,2015,25,89,28.08988764
FT SAM HOUSTON ISD,San Antonio,2016,28,92,30.43478261
FT SAM HOUSTON ISD,San Antonio,2017,20,77,25.97402597
GAINESVILLE ISD,Fort Worth,2011,17,137,12.40875912
GAINESVILLE ISD,Fort Worth,2012,8,128,6.25
GAINESVILLE ISD,Fort Worth,2013,20,145,13.79310345
GAINESVILLE ISD,Fort Worth,2014,22,153,14.37908497
GAINESVILLE ISD,Fort Worth,2015,12,152,7.894736842
GAINESVILLE ISD,Fort Worth,2016,18,171,10.52631579
GAINESVILLE ISD,Fort Worth,2017,15,175,8.571428571
GALENA PARK ISD,Houston,2011,208,1414,14.71004243
GALENA PARK ISD,Houston,2012,241,1497,16.0988644
GALENA PARK ISD,Houston,2013,230,1532,15.01305483
GALENA PARK ISD,Houston,2014,190,1541,12.32965607
GALENA PARK ISD,Houston,2015,203,1557,13.03789338
GALENA PARK ISD,Houston,2016,204,1554,13.12741313
GALENA PARK ISD,Houston,2017,209,1607,13.0056005
GALVESTON ISD,Houston,2011,69,416,16.58653846
GALVESTON ISD,Houston,2012,72,392,18.36734694
GALVESTON ISD,Houston,2013,85,459,18.51851852
GALVESTON ISD,Houston,2014,57,381,14.96062992
GALVESTON ISD,Houston,2015,87,441,19.72789116
GALVESTON ISD,Houston,2016,77,449,17.14922049
GALVESTON ISD,Houston,2017,79,413,19.1283293
GARLAND ISD,Richardson,2011,659,3772,17.47083775
GARLAND ISD,Richardson,2012,696,3869,17.98914448
GARLAND ISD,Richardson,2013,661,3940,16.77664975
GARLAND ISD,Richardson,2014,699,3957,17.66489765
GARLAND ISD,Richardson,2015,677,3941,17.17838112
GARLAND ISD,Richardson,2016,742,4116,18.02721088
GARLAND ISD,Richardson,2017,747,3977,18.78300226
GEORGETOWN ISD,Austin,2011,211,714,29.55182073
GEORGETOWN ISD,Austin,2012,206,685,30.0729927
GEORGETOWN ISD,Austin,2013,178,694,25.64841499
GEORGETOWN ISD,Austin,2014,198,792,25
GEORGETOWN ISD,Austin,2015,201,769,26.13784135
GEORGETOWN ISD,Austin,2016,192,816,23.52941176
GEORGETOWN ISD,Austin,2017,221,838,26.37231504
GIDDINGS ISD,Austin,2011,28,140,20
GIDDINGS ISD,Austin,2012,,11,
GIDDINGS ISD,Austin,2013,35,149,23.48993289
GIDDINGS ISD,Austin,2014,24,143,16.78321678
GIDDINGS ISD,Austin,2015,25,169,14.79289941
GIDDINGS ISD,Austin,2016,21,151,13.90728477
GIDDINGS ISD,Austin,2017,22,139,15.82733813
GLEN ROSE ISD,Fort Worth,2011,48,122,39.3442623
GLEN ROSE ISD,Fort Worth,2012,32,121,26.44628099
GLEN ROSE ISD,Fort Worth,2013,48,135,35.55555556
GLEN ROSE ISD,Fort Worth,2014,41,111,36.93693694
GLEN ROSE ISD,Fort Worth,2015,32,100,32
GLEN ROSE ISD,Fort Worth,2016,50,121,41.32231405
GLEN ROSE ISD,Fort Worth,2017,31,106,29.24528302
GODLEY ISD,Fort Worth,2011,27,104,25.96153846
GODLEY ISD,Fort Worth,2012,25,93,26.88172043
GODLEY ISD,Fort Worth,2013,12,82,14.63414634
GODLEY ISD,Fort Worth,2014,15,97,15.46391753
GODLEY ISD,Fort Worth,2015,19,112,16.96428571
GODLEY ISD,Fort Worth,2016,17,100,17
GODLEY ISD,Fort Worth,2017,14,105,13.33333333
GONZALES ISD,Austin,2011,17,134,12.68656716
GONZALES ISD,Austin,2012,22,145,15.17241379
GONZALES ISD,Austin,2013,34,163,20.85889571
GONZALES ISD,Austin,2014,26,153,16.99346405
GONZALES ISD,Austin,2015,26,138,18.84057971
GONZALES ISD,Austin,2016,25,134,18.65671642
GONZALES ISD,Austin,2017,27,180,15
GORDON ISD,Fort Worth,2014,,12,
GORDON ISD,Fort Worth,2015,,14,
GORDON ISD,Fort Worth,2016,,17,
GORDON ISD,Fort Worth,2017,5,21,23.80952381
GRAFORD ISD,Fort Worth,2011,,15,
GRAFORD ISD,Fort Worth,2012,,22,
GRAFORD ISD,Fort Worth,2013,,14,
GRAFORD ISD,Fort Worth,2014,,13,
GRAFORD ISD,Fort Worth,2015,,20,
GRAFORD ISD,Fort Worth,2016,,24,
GRAFORD ISD,Fort Worth,2017,,28,
GRANBURY ISD,Fort Worth,2011,92,411,22.38442822
GRANBURY ISD,Fort Worth,2012,117,462,25.32467532
GRANBURY ISD,Fort Worth,2013,118,397,29.72292191
GRANBURY ISD,Fort Worth,2014,105,395,26.58227848
GRANBURY ISD,Fort Worth,2015,95,444,21.3963964
GRANBURY ISD,Fort Worth,2016,107,475,22.52631579
GRANBURY ISD,Fort Worth,2017,105,461,22.77657267
GRAND PRAIRIE ISD,Richardson,2011,210,1564,13.42710997
GRAND PRAIRIE ISD,Richardson,2012,247,1569,15.74251115
GRAND PRAIRIE ISD,Richardson,2013,254,1640,15.48780488
GRAND PRAIRIE ISD,Richardson,2014,287,1742,16.47531573
GRAND PRAIRIE ISD,Richardson,2015,282,1734,16.26297578
GRAND PRAIRIE ISD,Richardson,2016,276,1707,16.16871705
GRAND PRAIRIE ISD,Richardson,2017,344,1870,18.39572193
GRANDVIEW ISD,Fort Worth,2011,23,71,32.3943662
GRANDVIEW ISD,Fort Worth,2012,20,73,27.39726027
GRANDVIEW ISD,Fort Worth,2013,23,90,25.55555556
GRANDVIEW ISD,Fort Worth,2014,23,79,29.11392405
GRANDVIEW ISD,Fort Worth,2015,16,84,19.04761905
GRANDVIEW ISD,Fort Worth,2016,25,96,26.04166667
GRANDVIEW ISD,Fort Worth,2017,16,84,19.04761905
GRANGER ISD,Austin,2011,,35,
GRANGER ISD,Austin,2012,7,24,29.16666667
GRANGER ISD,Austin,2013,6,37,16.21621622
GRANGER ISD,Austin,2014,6,39,15.38461538
GRANGER ISD,Austin,2015,6,41,14.63414634
GRANGER ISD,Austin,2016,5,27,18.51851852
GRANGER ISD,Austin,2017,5,37,13.51351351
GRAPEVINE-COLLEYVILLE ISD,Fort Worth,2011,264,1058,24.95274102
GRAPEVINE-COLLEYVILLE ISD,Fort Worth,2012,272,1045,26.02870813
GRAPEVINE-COLLEYVILLE ISD,Fort Worth,2013,268,1106,24.23146474
GRAPEVINE-COLLEYVILLE ISD,Fort Worth,2014,242,988,24.49392713
GRAPEVINE-COLLEYVILLE ISD,Fort Worth,2015,303,1109,27.32191163
GRAPEVINE-COLLEYVILLE ISD,Fort Worth,2016,310,1140,27.19298246
GRAPEVINE-COLLEYVILLE ISD,Fort Worth,2017,309,1128,27.39361702
GREENVILLE ISD,Richardson,2011,45,267,16.85393258
GREENVILLE ISD,Richardson,2012,46,268,17.1641791
GREENVILLE ISD,Richardson,2013,40,282,14.18439716
GREENVILLE ISD,Richardson,2014,43,228,18.85964912
GREENVILLE ISD,Richardson,2015,46,267,17.22846442
GUNTER ISD,Richardson,2011,14,63,22.22222222
GUNTER ISD,Richardson,2012,13,60,21.66666667
GUNTER ISD,Richardson,2013,17,79,21.51898734
GUNTER ISD,Richardson,2014,10,61,16.39344262
GUNTER ISD,Richardson,2015,8,73,10.95890411
GUNTER ISD,Richardson,2016,13,67,19.40298507
GUNTER ISD,Richardson,2017,13,62,20.96774194
HARDIN ISD,Houston,2011,12,79,15.18987342
HARDIN ISD,Houston,2012,13,56,23.21428571
HARDIN ISD,Houston,2013,16,76,21.05263158
HARDIN ISD,Houston,2014,15,64,23.4375
HARDIN ISD,Houston,2015,13,71,18.30985915
HARDIN ISD,Houston,2016,10,64,15.625
HARDIN ISD,Houston,2017,13,79,16.4556962
HARLANDALE ISD,San Antonio,2011,93,826,11.2590799
HARLANDALE ISD,San Antonio,2012,97,860,11.27906977
HARLANDALE ISD,San Antonio,2013,102,842,12.11401425
HARLANDALE ISD,San Antonio,2014,122,887,13.75422773
HARLANDALE ISD,San Antonio,2015,80,915,8.743169399
HARLANDALE ISD,San Antonio,2016,121,963,12.56490135
HARLANDALE ISD,San Antonio,2017,130,986,13.18458418
HARPER ISD,Austin,2011,14,53,26.41509434
HARPER ISD,Austin,2012,15,48,31.25
HARPER ISD,Austin,2013,11,49,22.44897959
HARPER ISD,Austin,2014,11,40,27.5
HARPER ISD,Austin,2015,18,57,31.57894737
HARPER ISD,Austin,2016,19,52,36.53846154
HARPER ISD,Austin,2017,16,50,32
HEMPSTEAD ISD,Houston,2011,12,95,12.63157895
HEMPSTEAD ISD,Houston,2012,16,114,14.03508772
HEMPSTEAD ISD,Houston,2013,16,83,19.27710843
HEMPSTEAD ISD,Houston,2014,16,89,17.97752809
HEMPSTEAD ISD,Houston,2015,10,82,12.19512195
HEMPSTEAD ISD,Houston,2016,14,103,13.59223301
HEMPSTEAD ISD,Houston,2017,13,87,14.94252874
HIGHLAND PARK ISD,Richardson,2011,151,508,29.72440945
HIGHLAND PARK ISD,Richardson,2012,121,483,25.05175983
HIGHLAND PARK ISD,Richardson,2013,142,474,29.95780591
HIGHLAND PARK ISD,Richardson,2014,120,502,23.90438247
HIGHLAND PARK ISD,Richardson,2015,126,534,23.59550562
HIGHLAND PARK ISD,Richardson,2016,114,482,23.65145228
HIGHLAND PARK ISD,Richardson,2017,108,517,20.88974855
HITCHCOCK ISD,Houston,2011,8,51,15.68627451
HITCHCOCK ISD,Houston,2012,7,65,10.76923077
HITCHCOCK ISD,Houston,2013,5,54,9.259259259
HITCHCOCK ISD,Houston,2014,6,51,11.76470588
HITCHCOCK ISD,Houston,2015,5,51,9.803921569
HITCHCOCK ISD,Houston,2016,7,79,8.860759494
HITCHCOCK ISD,Houston,2017,11,87,12.64367816
HONDO ISD,San Antonio,2011,31,125,24.8
HONDO ISD,San Antonio,2012,37,145,25.51724138
HONDO ISD,San Antonio,2013,33,146,22.60273973
HONDO ISD,San Antonio,2014,36,145,24.82758621
HONDO ISD,San Antonio,2015,37,136,27.20588235
HONDO ISD,San Antonio,2016,34,128,26.5625
HONDO ISD,San Antonio,2017,23,134,17.1641791
HONEY GROVE ISD,Richardson,2014,13,32,40.625
HONEY GROVE ISD,Richardson,2015,10,36,27.77777778
HONEY GROVE ISD,Richardson,2016,9,41,21.95121951
HONEY GROVE ISD,Richardson,2017,16,38,42.10526316
HOUSTON ISD,Houston,2011,2128,9955,21.37619287
HOUSTON ISD,Houston,2012,2231,9684,23.03800083
HOUSTON ISD,Houston,2013,2015,9487,21.23959102
HOUSTON ISD,Houston,2014,1980,9580,20.66805846
HOUSTON ISD,Houston,2015,1924,9740,19.75359343
HOUSTON ISD,Houston,2016,2072,10225,20.26405868
HOUSTON ISD,Houston,2017,2094,10613,19.73051917
HOWE ISD,Richardson,2011,8,65,12.30769231
HOWE ISD,Richardson,2012,9,63,14.28571429
HOWE ISD,Richardson,2013,11,78,14.1025641
HOWE ISD,Richardson,2014,12,75,16
HOWE ISD,Richardson,2015,18,55,32.72727273
HOWE ISD,Richardson,2016,10,76,13.15789474
HOWE ISD,Richardson,2017,12,73,16.43835616
HUCKABAY ISD,Fort Worth,2011,,14,
HUCKABAY ISD,Fort Worth,2012,11,16,68.75
HUCKABAY ISD,Fort Worth,2013,,12,
HUCKABAY ISD,Fort Worth,2014,,8,
HUCKABAY ISD,Fort Worth,2015,,10,
HUCKABAY ISD,Fort Worth,2016,,14,
HUFFMAN ISD,Houston,2011,35,202,17.32673267
HUFFMAN ISD,Houston,2012,46,228,20.1754386
HUFFMAN ISD,Houston,2013,35,186,18.8172043
HUFFMAN ISD,Houston,2014,40,202,19.8019802
HUFFMAN ISD,Houston,2015,40,222,18.01801802
HUFFMAN ISD,Houston,2016,49,230,21.30434783
HUFFMAN ISD,Houston,2017,48,229,20.96069869
HULL-DAISETTA ISD,Houston,2011,5,38,13.15789474
HULL-DAISETTA ISD,Houston,2012,,29,
HUMBLE ISD,Houston,2011,580,2452,23.65415987
HUMBLE ISD,Houston,2012,571,2538,22.49802994
HUMBLE ISD,Houston,2013,595,2557,23.26945639
HUMBLE ISD,Houston,2014,634,2562,24.74629196
HUMBLE ISD,Houston,2015,628,2677,23.459096
HUMBLE ISD,Houston,2016,723,2780,26.00719424
HUMBLE ISD,Houston,2017,690,2899,23.8013108
HURST-EULESS-BEDFORD ISD,Fort Worth,2011,274,1457,18.80576527
HURST-EULESS-BEDFORD ISD,Fort Worth,2012,275,1417,19.40719831
HURST-EULESS-BEDFORD ISD,Fort Worth,2013,254,1422,17.86216596
HURST-EULESS-BEDFORD ISD,Fort Worth,2014,235,1443,16.28551629
HURST-EULESS-BEDFORD ISD,Fort Worth,2015,262,1469,17.83526208
HURST-EULESS-BEDFORD ISD,Fort Worth,2016,297,1479,20.0811359
HURST-EULESS-BEDFORD ISD,Fort Worth,2017,303,1549,19.5610071
HUTTO ISD,Austin,2011,57,275,20.72727273
HUTTO ISD,Austin,2012,73,319,22.88401254
HUTTO ISD,Austin,2013,71,335,21.19402985
HUTTO ISD,Austin,2014,62,317,19.55835962
HUTTO ISD,Austin,2015,95,383,24.80417755
HUTTO ISD,Austin,2016,93,383,24.28198433
HUTTO ISD,Austin,2017,91,412,22.08737864
INGRAM ISD,San Antonio,2011,13,82,15.85365854
INGRAM ISD,San Antonio,2012,25,84,29.76190476
INGRAM ISD,San Antonio,2013,19,82,23.17073171
INGRAM ISD,San Antonio,2014,7,58,12.06896552
INGRAM ISD,San Antonio,2015,18,75,24
INGRAM ISD,San Antonio,2016,14,83,16.86746988
INGRAM ISD,San Antonio,2017,19,95,20
IRVING ISD,Richardson,2011,286,1949,14.67419189
IRVING ISD,Richardson,2012,262,1922,13.63163371
IRVING ISD,Richardson,2013,271,2010,13.48258706
IRVING ISD,Richardson,2014,251,1998,12.56256256
IRVING ISD,Richardson,2015,239,2137,11.18390267
IRVING ISD,Richardson,2016,270,2143,12.59916006
IRVING ISD,Richardson,2017,294,2280,12.89473684
ITALY ISD,Richardson,2011,6,41,14.63414634
ITALY ISD,Richardson,2012,6,36,16.66666667
ITALY ISD,Richardson,2013,5,47,10.63829787
ITALY ISD,Richardson,2014,8,38,21.05263158
ITALY ISD,Richardson,2015,,34,
ITALY ISD,Richardson,2016,5,45,11.11111111
ITALY ISD,Richardson,2017,5,40,12.5
JARRELL ISD,Austin,2011,10,55,18.18181818
JARRELL ISD,Austin,2012,10,53,18.86792453
JARRELL ISD,Austin,2013,16,68,23.52941176
JARRELL ISD,Austin,2014,11,64,17.1875
JARRELL ISD,Austin,2015,11,66,16.66666667
JARRELL ISD,Austin,2016,8,83,9.638554217
JARRELL ISD,Austin,2017,10,96,10.41666667
JOHNSON CITY ISD,Austin,2011,11,41,26.82926829
JOHNSON CITY ISD,Austin,2012,14,50,28
JOHNSON CITY ISD,Austin,2013,12,48,25
JOHNSON CITY ISD,Austin,2014,15,44,34.09090909
JOHNSON CITY ISD,Austin,2015,15,49,30.6122449
JOHNSON CITY ISD,Austin,2016,15,55,27.27272727
JOHNSON CITY ISD,Austin,2017,19,58,32.75862069
JOSHUA ISD,Fort Worth,2011,52,288,18.05555556
JOSHUA ISD,Fort Worth,2012,47,289,16.26297578
JOSHUA ISD,Fort Worth,2013,61,305,20
JOSHUA ISD,Fort Worth,2014,62,341,18.18181818
JOSHUA ISD,Fort Worth,2015,49,322,15.2173913
JOSHUA ISD,Fort Worth,2016,53,334,15.86826347
JOSHUA ISD,Fort Worth,2017,59,338,17.4556213
JOURDANTON ISD,San Antonio,2011,10,71,14.08450704
JOURDANTON ISD,San Antonio,2012,22,80,27.5
JOURDANTON ISD,San Antonio,2013,15,74,20.27027027
JOURDANTON ISD,San Antonio,2014,24,97,24.74226804
JOURDANTON ISD,San Antonio,2015,29,114,25.43859649
JOURDANTON ISD,San Antonio,2016,24,107,22.42990654
JOURDANTON ISD,San Antonio,2017,27,132,20.45454545
JUDSON ISD,San Antonio,2011,188,1256,14.96815287
JUDSON ISD,San Antonio,2012,197,1369,14.39006574
JUDSON ISD,San Antonio,2013,275,1334,20.61469265
JUDSON ISD,San Antonio,2014,229,1366,16.76427526
JUDSON ISD,San Antonio,2015,235,1378,17.05370102
JUDSON ISD,San Antonio,2016,229,1447,15.82584658
JUDSON ISD,San Antonio,2017,224,1343,16.67907669
KATY ISD,Houston,2011,993,4078,24.35017165
KATY ISD,Houston,2012,939,4090,22.95843521
KATY ISD,Houston,2013,954,4259,22.39962432
KATY ISD,Houston,2014,1077,4457,24.16423603
KATY ISD,Houston,2015,1123,4684,23.97523484
KATY ISD,Houston,2016,1113,4810,23.13929314
KATY ISD,Houston,2017,1174,5016,23.40510367
KAUFMAN ISD,Richardson,2011,33,216,15.27777778
KAUFMAN ISD,Richardson,2012,41,279,14.6953405
KAUFMAN ISD,Richardson,2013,38,228,16.66666667
KAUFMAN ISD,Richardson,2014,35,234,14.95726496
KAUFMAN ISD,Richardson,2015,40,227,17.62114537
KAUFMAN ISD,Richardson,2016,,44,
KAUFMAN ISD,Richardson,2017,39,251,15.53784861
KEENE ISD,Fort Worth,2011,,40,
KEENE ISD,Fort Worth,2012,6,48,12.5
KEENE ISD,Fort Worth,2013,8,61,13.1147541
KEENE ISD,Fort Worth,2014,,57,
KEENE ISD,Fort Worth,2015,,65,
KEENE ISD,Fort Worth,2016,8,63,12.6984127
KEENE ISD,Fort Worth,2017,7,72,9.722222222
KELLER ISD,Fort Worth,2011,470,2004,23.45309381
KELLER ISD,Fort Worth,2012,499,2075,24.04819277
KELLER ISD,Fort Worth,2013,499,2172,22.97421731
KELLER ISD,Fort Worth,2014,559,2315,24.14686825
KELLER ISD,Fort Worth,2015,549,2397,22.90362954
KELLER ISD,Fort Worth,2016,561,2471,22.70335896
KELLER ISD,Fort Worth,2017,579,2619,22.10767468
KEMP ISD,Richardson,2011,8,106,7.547169811
KEMP ISD,Richardson,2012,13,99,13.13131313
KEMP ISD,Richardson,2013,8,83,9.638554217
KEMP ISD,Richardson,2014,8,80,10
KEMP ISD,Richardson,2015,10,92,10.86956522
KEMP ISD,Richardson,2016,5,83,6.024096386
KEMP ISD,Richardson,2017,10,114,8.771929825
KENNEDALE ISD,Fort Worth,2011,42,208,20.19230769
KENNEDALE ISD,Fort Worth,2012,54,220,24.54545455
KENNEDALE ISD,Fort Worth,2013,51,226,22.56637168
KENNEDALE ISD,Fort Worth,2014,38,211,18.00947867
KENNEDALE ISD,Fort Worth,2015,51,228,22.36842105
KENNEDALE ISD,Fort Worth,2016,65,240,27.08333333
KENNEDALE ISD,Fort Worth,2017,52,224,23.21428571
KERRVILLE ISD,San Antonio,2011,72,332,21.68674699
KERRVILLE ISD,San Antonio,2012,51,312,16.34615385
KERRVILLE ISD,San Antonio,2013,65,335,19.40298507
KERRVILLE ISD,San Antonio,2014,74,323,22.91021672
KERRVILLE ISD,San Antonio,2015,58,344,16.86046512
KERRVILLE ISD,San Antonio,2016,75,327,22.93577982
KERRVILLE ISD,San Antonio,2017,85,353,24.07932011
KLEIN ISD,Houston,2011,743,3065,24.24143556
KLEIN ISD,Houston,2012,717,3061,23.42371774
KLEIN ISD,Houston,2013,720,3106,23.18094012
KLEIN ISD,Houston,2014,733,3197,22.92774476
KLEIN ISD,Houston,2015,718,3406,21.08044627
KLEIN ISD,Houston,2016,768,3375,22.75555556
KLEIN ISD,Houston,2017,718,3437,20.89031132
KNIPPA ISD,San Antonio,2011,,12,
KNIPPA ISD,San Antonio,2013,,11,
KNIPPA ISD,San Antonio,2014,,5,
KNIPPA ISD,San Antonio,2015,,18,
KNIPPA ISD,San Antonio,2016,7,20,35
KNIPPA ISD,San Antonio,2017,8,19,42.10526316
KRUM ISD,Fort Worth,2011,13,99,13.13131313
KRUM ISD,Fort Worth,2012,20,76,26.31578947
KRUM ISD,Fort Worth,2013,24,111,21.62162162
KRUM ISD,Fort Worth,2014,22,99,22.22222222
KRUM ISD,Fort Worth,2015,31,136,22.79411765
KRUM ISD,Fort Worth,2016,34,127,26.77165354
KRUM ISD,Fort Worth,2017,39,136,28.67647059
LA GRANGE ISD,Austin,2011,30,146,20.54794521
LA GRANGE ISD,Austin,2012,16,111,14.41441441
LA GRANGE ISD,Austin,2013,30,154,19.48051948
LA GRANGE ISD,Austin,2014,25,155,16.12903226
LA GRANGE ISD,Austin,2015,32,133,24.06015038
LA GRANGE ISD,Austin,2016,30,156,19.23076923
LA GRANGE ISD,Austin,2017,19,116,16.37931034
LA MARQUE ISD,Houston,2011,39,173,22.5433526
LA MARQUE ISD,Houston,2012,31,120,25.83333333
LA MARQUE ISD,Houston,2013,29,151,19.20529801
LA MARQUE ISD,Houston,2014,39,117,33.33333333
LA MARQUE ISD,Houston,2015,29,127,22.83464567
LA MARQUE ISD,Houston,2016,34,110,30.90909091
LA PORTE ISD,Houston,2011,60,525,11.42857143
LA PORTE ISD,Houston,2012,82,484,16.94214876
LA PORTE ISD,Houston,2013,59,544,10.84558824
LA PORTE ISD,Houston,2014,66,524,12.59541985
LA PORTE ISD,Houston,2015,67,450,14.88888889
LA PORTE ISD,Houston,2016,69,510,13.52941176
LA PORTE ISD,Houston,2017,79,556,14.20863309
LA PRYOR ISD,San Antonio,2013,,41,
LA PRYOR ISD,San Antonio,2014,,30,
LA PRYOR ISD,San Antonio,2015,,25,
LA PRYOR ISD,San Antonio,2016,,36,
LA VERNIA ISD,San Antonio,2011,44,210,20.95238095
LA VERNIA ISD,San Antonio,2012,42,205,20.48780488
LA VERNIA ISD,San Antonio,2013,37,200,18.5
LA VERNIA ISD,San Antonio,2014,52,216,24.07407407
LA VERNIA ISD,San Antonio,2015,67,240,27.91666667
LA VERNIA ISD,San Antonio,2016,47,242,19.4214876
LA VERNIA ISD,San Antonio,2017,75,250,30
LACKLAND ISD,San Antonio,2011,5,31,16.12903226
LACKLAND ISD,San Antonio,2012,7,39,17.94871795
LACKLAND ISD,San Antonio,2013,6,38,15.78947368
LACKLAND ISD,San Antonio,2014,5,27,18.51851852
LACKLAND ISD,San Antonio,2015,10,38,26.31578947
LACKLAND ISD,San Antonio,2016,6,35,17.14285714
LACKLAND ISD,San Antonio,2017,6,38,15.78947368
LAGO VISTA ISD,Austin,2011,21,92,22.82608696
LAGO VISTA ISD,Austin,2012,34,76,44.73684211
LAGO VISTA ISD,Austin,2013,24,97,24.74226804
LAGO VISTA ISD,Austin,2014,24,92,26.08695652
LAGO VISTA ISD,Austin,2015,29,103,28.15533981
LAGO VISTA ISD,Austin,2016,41,113,36.28318584
LAGO VISTA ISD,Austin,2017,35,103,33.98058252
LAKE DALLAS ISD,Fort Worth,2011,47,251,18.7250996
LAKE DALLAS ISD,Fort Worth,2012,40,260,15.38461538
LAKE DALLAS ISD,Fort Worth,2013,60,282,21.27659574
LAKE DALLAS ISD,Fort Worth,2014,61,274,22.26277372
LAKE DALLAS ISD,Fort Worth,2015,80,281,28.46975089
LAKE DALLAS ISD,Fort Worth,2016,61,303,20.1320132
LAKE DALLAS ISD,Fort Worth,2017,71,295,24.06779661
LAKE TRAVIS ISD,Austin,2011,153,424,36.08490566
LAKE TRAVIS ISD,Austin,2012,152,513,29.62962963
LAKE TRAVIS ISD,Austin,2013,186,494,37.65182186
LAKE TRAVIS ISD,Austin,2014,177,533,33.20825516
LAKE TRAVIS ISD,Austin,2015,158,555,28.46846847
LAKE TRAVIS ISD,Austin,2016,174,588,29.59183673
LAKE TRAVIS ISD,Austin,2017,191,635,30.07874016
LAKE WORTH ISD,Fort Worth,2011,12,135,8.888888889
LAKE WORTH ISD,Fort Worth,2012,19,135,14.07407407
LAKE WORTH ISD,Fort Worth,2013,20,131,15.26717557
LAKE WORTH ISD,Fort Worth,2014,20,163,12.26993865
LAKE WORTH ISD,Fort Worth,2015,20,155,12.90322581
LAKE WORTH ISD,Fort Worth,2016,23,157,14.64968153
LAKE WORTH ISD,Fort Worth,2017,32,155,20.64516129
LANCASTER ISD,Richardson,2011,82,329,24.92401216
LANCASTER ISD,Richardson,2012,86,334,25.74850299
LANCASTER ISD,Richardson,2013,79,348,22.70114943
LANCASTER ISD,Richardson,2014,85,365,23.28767123
LANCASTER ISD,Richardson,2015,97,364,26.64835165
LANCASTER ISD,Richardson,2016,102,399,25.56390977
LANCASTER ISD,Richardson,2017,117,421,27.79097387
LEAKEY ISD,San Antonio,2014,5,22,22.72727273
LEAKEY ISD,San Antonio,2015,7,21,33.33333333
LEAKEY ISD,San Antonio,2016,,14,
LEAKEY ISD,San Antonio,2017,6,21,28.57142857
LEANDER ISD,Austin,2011,456,1723,26.46546721
LEANDER ISD,Austin,2012,540,1903,28.37624803
LEANDER ISD,Austin,2013,567,2076,27.31213873
LEANDER ISD,Austin,2014,599,2037,29.4059892
LEANDER ISD,Austin,2015,692,2244,30.83778966
LEANDER ISD,Austin,2016,685,2412,28.39966833
LEANDER ISD,Austin,2017,759,2590,29.30501931
LEONARD ISD,Richardson,2011,6,83,7.228915663
LEONARD ISD,Richardson,2012,7,46,15.2173913
LEONARD ISD,Richardson,2013,18,63,28.57142857
LEONARD ISD,Richardson,2014,15,78,19.23076923
LEONARD ISD,Richardson,2015,24,78,30.76923077
LEONARD ISD,Richardson,2016,10,63,15.87301587
LEONARD ISD,Richardson,2017,13,61,21.31147541
LEWISVILLE ISD,Fort Worth,2011,756,3487,21.68052767
LEWISVILLE ISD,Fort Worth,2012,767,3439,22.30299506
LEWISVILLE ISD,Fort Worth,2013,820,3577,22.92423819
LEWISVILLE ISD,Fort Worth,2014,872,3642,23.94288852
LEWISVILLE ISD,Fort Worth,2015,882,3777,23.35186656
LEWISVILLE ISD,Fort Worth,2016,927,3982,23.27975892
LEWISVILLE ISD,Fort Worth,2017,974,4099,23.76189314
LEXINGTON ISD,Austin,2011,13,59,22.03389831
LEXINGTON ISD,Austin,2012,10,57,17.54385965
LEXINGTON ISD,Austin,2013,10,60,16.66666667
LEXINGTON ISD,Austin,2014,7,65,10.76923077
LEXINGTON ISD,Austin,2015,10,58,17.24137931
LEXINGTON ISD,Austin,2016,11,75,14.66666667
LEXINGTON ISD,Austin,2017,12,58,20.68965517
LIBERTY HILL ISD,Austin,2011,42,179,23.46368715
LIBERTY HILL ISD,Austin,2012,50,170,29.41176471
LIBERTY HILL ISD,Austin,2013,37,167,22.15568862
LIBERTY HILL ISD,Austin,2014,46,202,22.77227723
LIBERTY HILL ISD,Austin,2015,62,240,25.83333333
LIBERTY HILL ISD,Austin,2016,80,251,31.87250996
LIBERTY HILL ISD,Austin,2017,63,263,23.95437262
LIBERTY ISD,Houston,2011,20,121,16.52892562
LIBERTY ISD,Houston,2012,25,121,20.66115702
LIBERTY ISD,Houston,2013,26,117,22.22222222
LIBERTY ISD,Houston,2014,27,131,20.61068702
LIBERTY ISD,Houston,2015,22,100,22
LIBERTY ISD,Houston,2016,21,151,13.90728477
LIBERTY ISD,Houston,2017,29,140,20.71428571
LINDSAY ISD,Fort Worth,2011,16,43,37.20930233
LINDSAY ISD,Fort Worth,2012,11,42,26.19047619
LINDSAY ISD,Fort Worth,2013,7,37,18.91891892
LINDSAY ISD,Fort Worth,2014,9,33,27.27272727
LINDSAY ISD,Fort Worth,2015,9,40,22.5
LINDSAY ISD,Fort Worth,2016,13,37,35.13513514
LINDSAY ISD,Fort Worth,2017,11,34,32.35294118
LINGLEVILLE ISD,Fort Worth,2012,,16,
LINGLEVILLE ISD,Fort Worth,2013,,17,
LINGLEVILLE ISD,Fort Worth,2014,,14,
LINGLEVILLE ISD,Fort Worth,2015,,14,
LINGLEVILLE ISD,Fort Worth,2016,,11,
LINGLEVILLE ISD,Fort Worth,2017,,17,
LIPAN ISD,Fort Worth,2012,5,21,23.80952381
LIPAN ISD,Fort Worth,2014,,19,
LIPAN ISD,Fort Worth,2015,,12,
LIPAN ISD,Fort Worth,2016,,23,
LIPAN ISD,Fort Worth,2017,,21,
LITTLE ELM ISD,Fort Worth,2011,60,301,19.93355482
LITTLE ELM ISD,Fort Worth,2012,64,339,18.87905605
LITTLE ELM ISD,Fort Worth,2013,51,341,14.95601173
LITTLE ELM ISD,Fort Worth,2014,73,365,20
LITTLE ELM ISD,Fort Worth,2015,52,326,15.95092025
LITTLE ELM ISD,Fort Worth,2016,62,392,15.81632653
LITTLE ELM ISD,Fort Worth,2017,76,462,16.45021645
LLANO ISD,Austin,2011,28,108,25.92592593
LLANO ISD,Austin,2012,32,101,31.68316832
LLANO ISD,Austin,2013,27,97,27.83505155
LLANO ISD,Austin,2014,35,115,30.43478261
LLANO ISD,Austin,2015,37,117,31.62393162
LLANO ISD,Austin,2016,30,111,27.02702703
LLANO ISD,Austin,2017,29,98,29.59183673
LOCKHART ISD,Austin,2011,61,320,19.0625
LOCKHART ISD,Austin,2012,60,331,18.12688822
LOCKHART ISD,Austin,2013,64,320,20
LOCKHART ISD,Austin,2014,66,298,22.14765101
LOCKHART ISD,Austin,2015,48,322,14.9068323
LOCKHART ISD,Austin,2016,57,334,17.06586826
LOCKHART ISD,Austin,2017,67,350,19.14285714
LONE OAK ISD,Richardson,2011,13,73,17.80821918
LONE OAK ISD,Richardson,2012,10,83,12.04819277
LONE OAK ISD,Richardson,2013,13,61,21.31147541
LONE OAK ISD,Richardson,2014,21,67,31.34328358
LONE OAK ISD,Richardson,2015,15,78,19.23076923
LONE OAK ISD,Richardson,2016,18,63,28.57142857
LONE OAK ISD,Richardson,2017,12,67,17.91044776
LOVEJOY ISD,Richardson,2011,52,229,22.70742358
LOVEJOY ISD,Richardson,2012,62,242,25.61983471
LOVEJOY ISD,Richardson,2013,78,274,28.46715328
LOVEJOY ISD,Richardson,2014,75,275,27.27272727
LOVEJOY ISD,Richardson,2015,70,258,27.13178295
LOVEJOY ISD,Richardson,2016,62,293,21.16040956
LOVEJOY ISD,Richardson,2017,92,323,28.48297214
LULING ISD,Austin,2011,17,101,16.83168317
LULING ISD,Austin,2012,14,95,14.73684211
LULING ISD,Austin,2013,13,78,16.66666667
LULING ISD,Austin,2014,19,95,20
LULING ISD,Austin,2015,20,85,23.52941176
LULING ISD,Austin,2016,12,89,13.48314607
LULING ISD,Austin,2017,16,105,15.23809524
LYTLE ISD,San Antonio,2011,25,136,18.38235294
LYTLE ISD,San Antonio,2012,25,124,20.16129032
LYTLE ISD,San Antonio,2013,22,108,20.37037037
LYTLE ISD,San Antonio,2014,8,122,6.557377049
LYTLE ISD,San Antonio,2015,17,135,12.59259259
LYTLE ISD,San Antonio,2016,14,134,10.44776119
LYTLE ISD,San Antonio,2017,5,92,5.434782609
MABANK ISD,Richardson,2011,21,227,9.251101322
MABANK ISD,Richardson,2012,25,241,10.37344398
MABANK ISD,Richardson,2013,40,236,16.94915254
MABANK ISD,Richardson,2014,24,211,11.37440758
MABANK ISD,Richardson,2015,25,222,11.26126126
MABANK ISD,Richardson,2016,35,226,15.48672566
MABANK ISD,Richardson,2017,33,244,13.52459016
MANOR ISD,Austin,2011,64,336,19.04761905
MANOR ISD,Austin,2012,67,284,23.5915493
MANOR ISD,Austin,2013,75,373,20.10723861
MANOR ISD,Austin,2014,98,392,25
MANOR ISD,Austin,2015,78,477,16.35220126
MANOR ISD,Austin,2016,79,467,16.91648822
MANOR ISD,Austin,2017,85,435,19.54022989
MANSFIELD ISD,Fort Worth,2011,463,1961,23.61040286
MANSFIELD ISD,Fort Worth,2012,522,2039,25.6007847
MANSFIELD ISD,Fort Worth,2013,519,2159,24.0389069
MANSFIELD ISD,Fort Worth,2014,543,2154,25.20891365
MANSFIELD ISD,Fort Worth,2015,619,2273,27.23273207
MANSFIELD ISD,Fort Worth,2016,635,2412,26.32669983
MANSFIELD ISD,Fort Worth,2017,685,2436,28.11986864
MARBLE FALLS ISD,Austin,2011,75,267,28.08988764
MARBLE FALLS ISD,Austin,2012,62,232,26.72413793
MARBLE FALLS ISD,Austin,2013,66,266,24.81203008
MARBLE FALLS ISD,Austin,2014,63,272,23.16176471
MARBLE FALLS ISD,Austin,2015,68,262,25.95419847
MARBLE FALLS ISD,Austin,2016,50,281,17.79359431
MARBLE FALLS ISD,Austin,2017,47,263,17.87072243
MARION ISD,Austin,2011,20,100,20
MARION ISD,Austin,2012,26,86,30.23255814
MARION ISD,Austin,2013,18,91,19.78021978
MARION ISD,Austin,2014,17,109,15.59633028
MARION ISD,Austin,2015,27,115,23.47826087
MARION ISD,Austin,2016,24,107,22.42990654
MARION ISD,San Antonio,2017,23,122,18.85245902
MAYPEARL ISD,Richardson,2011,14,71,19.71830986
MAYPEARL ISD,Richardson,2012,12,72,16.66666667
MAYPEARL ISD,Richardson,2013,11,78,14.1025641
MAYPEARL ISD,Richardson,2014,16,75,21.33333333
MAYPEARL ISD,Richardson,2015,10,65,15.38461538
MAYPEARL ISD,Richardson,2016,16,79,20.25316456
MAYPEARL ISD,Richardson,2017,9,71,12.67605634
MCKINNEY ISD,Richardson,2011,296,1429,20.71378586
MCKINNEY ISD,Richardson,2012,285,1467,19.42740286
MCKINNEY ISD,Richardson,2013,315,1562,20.16645327
MCKINNEY ISD,Richardson,2014,329,1578,20.84917617
MCKINNEY ISD,Richardson,2015,341,1660,20.54216867
MCKINNEY ISD,Richardson,2016,323,1748,18.47826087
MCKINNEY ISD,Richardson,2017,372,1758,21.16040956
MEDINA ISD,San Antonio,2011,,24,
MEDINA ISD,San Antonio,2012,5,33,15.15151515
MEDINA ISD,San Antonio,2013,,30,
MEDINA ISD,San Antonio,2014,,20,
MEDINA ISD,San Antonio,2015,6,17,35.29411765
MEDINA ISD,San Antonio,2016,8,29,27.5862069
MEDINA ISD,San Antonio,2017,,9,
MEDINA VALLEY ISD,San Antonio,2011,46,240,19.16666667
MEDINA VALLEY ISD,San Antonio,2012,54,233,23.17596567
MEDINA VALLEY ISD,San Antonio,2013,62,237,26.16033755
MEDINA VALLEY ISD,San Antonio,2014,67,279,24.01433692
MEDINA VALLEY ISD,San Antonio,2015,48,233,20.60085837
MEDINA VALLEY ISD,San Antonio,2016,66,272,24.26470588
MEDINA VALLEY ISD,San Antonio,2017,73,287,25.43554007
MELISSA ISD,Richardson,2011,15,87,17.24137931
MELISSA ISD,Richardson,2012,17,106,16.03773585
MELISSA ISD,Richardson,2013,12,91,13.18681319
MELISSA ISD,Richardson,2014,26,130,20
MELISSA ISD,Richardson,2015,18,131,13.74045802
MELISSA ISD,Richardson,2016,25,122,20.49180328
MELISSA ISD,Richardson,2017,31,154,20.12987013
MESQUITE ISD,Richardson,2011,439,2429,18.07328119
MESQUITE ISD,Richardson,2012,426,2348,18.14310051
MESQUITE ISD,Richardson,2013,394,2490,15.82329317
MESQUITE ISD,Richardson,2014,433,2543,17.02713331
MESQUITE ISD,Richardson,2015,429,2566,16.71862822
MESQUITE ISD,Richardson,2016,457,2575,17.74757282
MESQUITE ISD,Richardson,2017,463,2565,18.05068226
MIDLOTHIAN ISD,Richardson,2011,115,529,21.73913043
MIDLOTHIAN ISD,Richardson,2012,118,496,23.79032258
MIDLOTHIAN ISD,Richardson,2013,114,521,21.88099808
MIDLOTHIAN ISD,Richardson,2014,125,527,23.71916509
MIDLOTHIAN ISD,Richardson,2015,127,517,24.56479691
MIDLOTHIAN ISD,Richardson,2016,130,507,25.64102564
MIDLOTHIAN ISD,Richardson,2017,125,605,20.66115702
MILFORD ISD,Richardson,2017,,14,
MILLSAP ISD,Fort Worth,2011,8,58,13.79310345
MILLSAP ISD,Fort Worth,2012,9,68,13.23529412
MILLSAP ISD,Fort Worth,2013,,47,
MILLSAP ISD,Fort Worth,2014,10,68,14.70588235
MILLSAP ISD,Fort Worth,2015,,41,
MILLSAP ISD,Fort Worth,2016,10,58,17.24137931
MILLSAP ISD,Fort Worth,2017,11,59,18.6440678
MINERAL WELLS ISD,Fort Worth,2011,34,220,15.45454545
MINERAL WELLS ISD,Fort Worth,2012,31,235,13.19148936
MINERAL WELLS ISD,Fort Worth,2013,19,233,8.154506438
MINERAL WELLS ISD,Fort Worth,2014,21,198,10.60606061
MINERAL WELLS ISD,Fort Worth,2015,28,217,12.90322581
MINERAL WELLS ISD,Fort Worth,2016,31,216,14.35185185
MINERAL WELLS ISD,Fort Worth,2017,21,207,10.14492754
MUENSTER ISD,Fort Worth,2011,11,29,37.93103448
MUENSTER ISD,Fort Worth,2012,15,39,38.46153846
MUENSTER ISD,Fort Worth,2014,12,36,33.33333333
MUENSTER ISD,Fort Worth,2015,8,30,26.66666667
MUENSTER ISD,Fort Worth,2016,10,35,28.57142857
MUENSTER ISD,Fort Worth,2017,6,26,23.07692308
NATALIA ISD,San Antonio,2011,11,53,20.75471698
NATALIA ISD,San Antonio,2012,12,51,23.52941176
NATALIA ISD,San Antonio,2013,,62,
NATALIA ISD,San Antonio,2014,8,59,13.55932203
NATALIA ISD,San Antonio,2015,6,74,8.108108108
NATALIA ISD,San Antonio,2016,5,59,8.474576271
NATALIA ISD,San Antonio,2017,7,73,9.589041096
NAVARRO ISD,Austin,2011,28,98,28.57142857
NAVARRO ISD,Austin,2012,39,109,35.77981651
NAVARRO ISD,Austin,2013,43,110,39.09090909
NAVARRO ISD,Austin,2014,31,117,26.4957265
NAVARRO ISD,Austin,2015,35,114,30.70175439
NAVARRO ISD,Austin,2016,39,129,30.23255814
NAVARRO ISD,Austin,2017,50,128,39.0625
NEEDVILLE ISD,Houston,2011,31,180,17.22222222
NEEDVILLE ISD,Houston,2012,42,166,25.30120482
NEEDVILLE ISD,Houston,2013,38,174,21.83908046
NEEDVILLE ISD,Houston,2014,33,188,17.55319149
NEEDVILLE ISD,Houston,2015,38,177,21.46892655
NEEDVILLE ISD,Houston,2016,30,173,17.34104046
NEEDVILLE ISD,Houston,2017,31,220,14.09090909
NEW BRAUNFELS ISD,Austin,2011,144,556,25.89928058
NEW BRAUNFELS ISD,Austin,2012,128,555,23.06306306
NEW BRAUNFELS ISD,Austin,2013,133,555,23.96396396
NEW BRAUNFELS ISD,Austin,2014,98,545,17.98165138
NEW BRAUNFELS ISD,Austin,2015,167,630,26.50793651
NEW BRAUNFELS ISD,Austin,2016,116,587,19.76149915
NEW BRAUNFELS ISD,Austin,2017,141,582,24.22680412
NORTH EAST ISD,San Antonio,2011,1074,4285,25.06417736
NORTH EAST ISD,San Antonio,2012,1040,4425,23.50282486
NORTH EAST ISD,San Antonio,2013,1096,4634,23.6512732
NORTH EAST ISD,San Antonio,2014,1151,4676,24.6150556
NORTH EAST ISD,San Antonio,2015,1164,4723,24.64535253
NORTH EAST ISD,San Antonio,2016,1199,4864,24.65049342
NORTH EAST ISD,San Antonio,2017,1271,4981,25.51696446
NORTH FOREST ISD,Houston,2011,46,261,17.62452107
NORTH FOREST ISD,Houston,2012,49,196,25
NORTH FOREST ISD,Houston,2013,39,251,15.53784861
NORTHSIDE ISD,San Antonio,2011,1077,5678,18.96794646
NORTHSIDE ISD,San Antonio,2012,1134,6020,18.8372093
NORTHSIDE ISD,San Antonio,2013,1185,6038,19.62570388
NORTHSIDE ISD,San Antonio,2014,1412,6444,21.91185599
NORTHSIDE ISD,San Antonio,2015,1330,6555,20.28985507
NORTHSIDE ISD,San Antonio,2016,1451,6861,21.14852062
NORTHSIDE ISD,San Antonio,2017,1552,6856,22.63710618
NORTHWEST ISD,Fort Worth,2011,150,771,19.45525292
NORTHWEST ISD,Fort Worth,2012,185,889,20.80989876
NORTHWEST ISD,Fort Worth,2013,222,964,23.02904564
NORTHWEST ISD,Fort Worth,2014,273,1083,25.20775623
NORTHWEST ISD,Fort Worth,2015,277,1154,24.0034662
NORTHWEST ISD,Fort Worth,2016,268,1193,22.46437552
NORTHWEST ISD,Fort Worth,2017,335,1351,24.79644708
PALMER ISD,Richardson,2011,,72,
PALMER ISD,Richardson,2012,10,63,15.87301587
PALMER ISD,Richardson,2013,14,75,18.66666667
PALMER ISD,Richardson,2014,11,71,15.49295775
PALMER ISD,Richardson,2015,12,69,17.39130435
PALMER ISD,Richardson,2016,10,67,14.92537313
PALMER ISD,Richardson,2017,12,68,17.64705882
PARADISE ISD,Fort Worth,2011,11,61,18.03278689
PARADISE ISD,Fort Worth,2012,10,75,13.33333333
PARADISE ISD,Fort Worth,2013,19,86,22.09302326
PARADISE ISD,Fort Worth,2014,18,69,26.08695652
PARADISE ISD,Fort Worth,2015,20,87,22.98850575
PARADISE ISD,Fort Worth,2016,14,76,18.42105263
PARADISE ISD,Fort Worth,2017,22,92,23.91304348
PASADENA ISD,Houston,2011,323,2874,11.23869172
PASADENA ISD,Houston,2012,392,2961,13.23877069
PASADENA ISD,Houston,2013,343,2997,11.44477811
PASADENA ISD,Houston,2014,436,2997,14.54788121
PASADENA ISD,Houston,2015,390,3216,12.12686567
PASADENA ISD,Houston,2016,420,3396,12.36749117
PASADENA ISD,Houston,2017,481,3472,13.85368664
PEARLAND ISD,Houston,2011,288,1185,24.30379747
PEARLAND ISD,Houston,2012,292,1252,23.32268371
PEARLAND ISD,Houston,2013,282,1327,21.25094197
PEARLAND ISD,Houston,2014,336,1332,25.22522523
PEARLAND ISD,Houston,2015,344,1388,24.78386167
PEARLAND ISD,Houston,2016,394,1457,27.04186685
PEARLAND ISD,Houston,2017,452,1556,29.04884319
PEARSALL ISD,San Antonio,2011,30,124,24.19354839
PEARSALL ISD,San Antonio,2012,17,129,13.17829457
PEARSALL ISD,San Antonio,2013,15,125,12
PEARSALL ISD,San Antonio,2014,15,106,14.1509434
PEARSALL ISD,San Antonio,2015,19,132,14.39393939
PEARSALL ISD,San Antonio,2016,12,137,8.759124088
PEARSALL ISD,San Antonio,2017,16,128,12.5
PEASTER ISD,Fort Worth,2011,9,68,13.23529412
PEASTER ISD,Fort Worth,2012,8,75,10.66666667
PEASTER ISD,Fort Worth,2013,10,75,13.33333333
PEASTER ISD,Fort Worth,2014,17,55,30.90909091
PEASTER ISD,Fort Worth,2015,13,74,17.56756757
PEASTER ISD,Fort Worth,2016,13,54,24.07407407
PEASTER ISD,Fort Worth,2017,15,58,25.86206897
PFLUGERVILLE ISD,Austin,2011,397,1389,28.58171346
PFLUGERVILLE ISD,Austin,2012,358,1418,25.24682652
PFLUGERVILLE ISD,Austin,2013,388,1471,26.37661455
PFLUGERVILLE ISD,Austin,2014,413,1520,27.17105263
PFLUGERVILLE ISD,Austin,2015,389,1599,24.32770482
PFLUGERVILLE ISD,Austin,2016,415,1564,26.53452685
PFLUGERVILLE ISD,Austin,2017,411,1588,25.88161209
PILOT POINT ISD,Fort Worth,2011,20,93,21.50537634
PILOT POINT ISD,Fort Worth,2012,18,96,18.75
PILOT POINT ISD,Fort Worth,2013,24,104,23.07692308
PILOT POINT ISD,Fort Worth,2014,19,87,21.83908046
PILOT POINT ISD,Fort Worth,2015,24,113,21.23893805
PILOT POINT ISD,Fort Worth,2016,24,95,25.26315789
PILOT POINT ISD,Fort Worth,2017,18,107,16.82242991
PLANO ISD,Richardson,2011,865,3577,24.18227565
PLANO ISD,Richardson,2012,796,3634,21.90423775
PLANO ISD,Richardson,2013,916,3802,24.09258285
PLANO ISD,Richardson,2014,967,3796,25.47418335
PLANO ISD,Richardson,2015,988,3862,25.58259969
PLANO ISD,Richardson,2016,932,3948,23.60688956
PLANO ISD,Richardson,2017,999,3967,25.18275775
PLEASANTON ISD,San Antonio,2011,37,218,16.97247706
PLEASANTON ISD,San Antonio,2012,31,196,15.81632653
PLEASANTON ISD,San Antonio,2013,25,218,11.46788991
PLEASANTON ISD,San Antonio,2014,38,213,17.84037559
PLEASANTON ISD,San Antonio,2015,39,233,16.73819742
PLEASANTON ISD,San Antonio,2016,42,254,16.53543307
PLEASANTON ISD,San Antonio,2017,44,195,22.56410256
PONDER ISD,Fort Worth,2011,13,68,19.11764706
PONDER ISD,Fort Worth,2012,13,81,16.04938272
PONDER ISD,Fort Worth,2013,23,92,25
PONDER ISD,Fort Worth,2014,15,80,18.75
PONDER ISD,Fort Worth,2015,15,89,16.85393258
PONDER ISD,Fort Worth,2016,27,100,27
PONDER ISD,Fort Worth,2017,11,84,13.0952381
POOLVILLE ISD,Fort Worth,2011,,27,
POOLVILLE ISD,Fort Worth,2012,,33,
POOLVILLE ISD,Fort Worth,2013,5,33,15.15151515
POOLVILLE ISD,Fort Worth,2014,,31,
POOLVILLE ISD,Fort Worth,2015,6,45,13.33333333
POOLVILLE ISD,Fort Worth,2016,,25,
POOLVILLE ISD,Fort Worth,2017,,37,
POTEET ISD,San Antonio,2011,11,103,10.67961165
POTEET ISD,San Antonio,2012,10,114,8.771929825
POTEET ISD,San Antonio,2013,12,103,11.65048544
POTEET ISD,San Antonio,2014,14,100,14
POTEET ISD,San Antonio,2015,11,118,9.322033898
POTEET ISD,San Antonio,2016,16,110,14.54545455
POTEET ISD,San Antonio,2017,15,96,15.625
POTH ISD,San Antonio,2011,17,53,32.0754717
POTH ISD,San Antonio,2012,25,66,37.87878788
POTH ISD,San Antonio,2013,19,63,30.15873016
POTH ISD,San Antonio,2014,10,52,19.23076923
POTH ISD,San Antonio,2015,19,56,33.92857143
POTH ISD,San Antonio,2016,9,43,20.93023256
POTH ISD,San Antonio,2017,22,66,33.33333333
POTTSBORO ISD,Richardson,2011,15,80,18.75
POTTSBORO ISD,Richardson,2012,17,83,20.48192771
POTTSBORO ISD,Richardson,2013,13,81,16.04938272
POTTSBORO ISD,Richardson,2014,14,71,19.71830986
POTTSBORO ISD,Richardson,2015,13,91,14.28571429
POTTSBORO ISD,Richardson,2016,17,89,19.1011236
POTTSBORO ISD,Richardson,2017,14,121,11.57024793
PRAIRIE LEA ISD,Austin,2012,,14,
PRAIRIE LEA ISD,Austin,2013,,12,
PRAIRIE LEA ISD,Austin,2014,,14,
PRAIRIE LEA ISD,Austin,2015,,7,
PRAIRIE LEA ISD,Austin,2016,,6,
PRAIRIE LEA ISD,Austin,2017,5,12,41.66666667
PRINCETON ISD,Richardson,2011,20,188,10.63829787
PRINCETON ISD,Richardson,2012,19,188,10.10638298
PRINCETON ISD,Richardson,2013,24,209,11.48325359
PRINCETON ISD,Richardson,2014,20,223,8.968609865
PRINCETON ISD,Richardson,2015,23,221,10.40723982
PRINCETON ISD,Richardson,2016,28,227,12.33480176
PRINCETON ISD,Richardson,2017,33,257,12.84046693
PROSPER ISD,Richardson,2011,45,200,22.5
PROSPER ISD,Richardson,2012,56,265,21.13207547
PROSPER ISD,Richardson,2013,56,278,20.14388489
PROSPER ISD,Richardson,2014,92,343,26.82215743
PROSPER ISD,Richardson,2015,98,407,24.07862408
PROSPER ISD,Richardson,2016,89,436,20.41284404
PROSPER ISD,Richardson,2017,127,512,24.8046875
QUINLAN ISD,Richardson,2011,19,148,12.83783784
QUINLAN ISD,Richardson,2012,31,165,18.78787879
QUINLAN ISD,Richardson,2013,19,144,13.19444444
QUINLAN ISD,Richardson,2014,21,139,15.10791367
QUINLAN ISD,Richardson,2015,17,156,10.8974359
QUINLAN ISD,Richardson,2016,21,151,13.90728477
QUINLAN ISD,Richardson,2017,25,183,13.66120219
RANDOLPH FIELD ISD,San Antonio,2011,31,81,38.27160494
RANDOLPH FIELD ISD,San Antonio,2012,21,75,28
RANDOLPH FIELD ISD,San Antonio,2013,27,84,32.14285714
RANDOLPH FIELD ISD,San Antonio,2014,20,60,33.33333333
RANDOLPH FIELD ISD,San Antonio,2015,20,73,27.39726027
RANDOLPH FIELD ISD,San Antonio,2016,35,118,29.66101695
RANDOLPH FIELD ISD,San Antonio,2017,29,111,26.12612613
RED OAK ISD,Richardson,2011,71,407,17.44471744
RED OAK ISD,Richardson,2012,92,416,22.11538462
RED OAK ISD,Richardson,2013,99,465,21.29032258
RED OAK ISD,Richardson,2014,104,451,23.05986696
RED OAK ISD,Richardson,2015,92,384,23.95833333
RED OAK ISD,Richardson,2016,78,439,17.76765376
RED OAK ISD,Richardson,2017,85,428,19.85981308
RICHARDSON ISD,Richardson,2011,467,2019,23.13026251
RICHARDSON ISD,Richardson,2012,445,2058,21.62293489
RICHARDSON ISD,Richardson,2013,457,2025,22.56790123
RICHARDSON ISD,Richardson,2014,469,2082,22.52641691
RICHARDSON ISD,Richardson,2015,468,2114,22.13812677
RICHARDSON ISD,Richardson,2016,462,2111,21.88536239
RICHARDSON ISD,Richardson,2017,465,2124,21.89265537
RIO VISTA ISD,Fort Worth,2011,8,57,14.03508772
RIO VISTA ISD,Fort Worth,2012,7,39,17.94871795
RIO VISTA ISD,Fort Worth,2013,8,47,17.0212766
RIO VISTA ISD,Fort Worth,2014,11,49,22.44897959
RIO VISTA ISD,Fort Worth,2015,11,50,22
RIO VISTA ISD,Fort Worth,2016,,51,
RIO VISTA ISD,Fort Worth,2017,5,64,7.8125
ROCKWALL ISD,Richardson,2011,212,882,24.03628118
ROCKWALL ISD,Richardson,2012,237,1010,23.46534653
ROCKWALL ISD,Richardson,2013,244,955,25.54973822
ROCKWALL ISD,Richardson,2014,286,1007,28.40119166
ROCKWALL ISD,Richardson,2015,281,1065,26.38497653
ROCKWALL ISD,Richardson,2016,252,1051,23.97716461
ROCKWALL ISD,Richardson,2017,271,1102,24.59165154
ROUND ROCK ISD,Austin,2011,772,2627,29.38713361
ROUND ROCK ISD,Austin,2012,788,2734,28.82223848
ROUND ROCK ISD,Austin,2013,802,2921,27.45635056
ROUND ROCK ISD,Austin,2014,860,3054,28.15979044
ROUND ROCK ISD,Austin,2015,928,3066,30.26744945
ROUND ROCK ISD,Austin,2016,896,3247,27.5947028
ROUND ROCK ISD,Austin,2017,933,3290,28.35866261
ROUND TOP-CARMINE ISD,Austin,2012,,8,
ROUND TOP-CARMINE ISD,Austin,2013,,15,
ROUND TOP-CARMINE ISD,Austin,2014,,14,
ROUND TOP-CARMINE ISD,Austin,2015,,18,
ROUND TOP-CARMINE ISD,Austin,2016,6,22,27.27272727
ROUND TOP-CARMINE ISD,Austin,2017,,21,
ROYAL ISD,Houston,2011,23,120,19.16666667
ROYAL ISD,Houston,2012,19,132,14.39393939
ROYAL ISD,Houston,2013,17,112,15.17857143
ROYAL ISD,Houston,2014,18,108,16.66666667
ROYAL ISD,Houston,2015,6,104,5.769230769
ROYAL ISD,Houston,2016,20,124,16.12903226
ROYAL ISD,Houston,2017,21,121,17.3553719
ROYSE CITY ISD,Richardson,2011,44,276,15.94202899
ROYSE CITY ISD,Richardson,2012,37,267,13.8576779
ROYSE CITY ISD,Richardson,2013,39,298,13.08724832
ROYSE CITY ISD,Richardson,2014,55,271,20.29520295
ROYSE CITY ISD,Richardson,2015,62,306,20.26143791
ROYSE CITY ISD,Richardson,2016,67,345,19.42028986
ROYSE CITY ISD,Richardson,2017,66,343,19.24198251
SABINAL ISD,San Antonio,2011,8,40,20
SABINAL ISD,San Antonio,2012,7,36,19.44444444
SABINAL ISD,San Antonio,2013,10,28,35.71428571
SABINAL ISD,San Antonio,2014,12,36,33.33333333
SABINAL ISD,San Antonio,2015,10,37,27.02702703
SABINAL ISD,San Antonio,2016,8,39,20.51282051
SABINAL ISD,San Antonio,2017,8,40,20
SAM RAYBURN ISD,Richardson,2011,,27,
SAM RAYBURN ISD,Richardson,2013,7,41,17.07317073
SAM RAYBURN ISD,Richardson,2014,6,32,18.75
SAM RAYBURN ISD,Richardson,2015,,27,
SAM RAYBURN ISD,Richardson,2017,,33,
SAN ANTONIO ISD,San Antonio,2011,254,2777,9.146561037
SAN ANTONIO ISD,San Antonio,2012,338,2696,12.53709199
SAN ANTONIO ISD,San Antonio,2013,345,2693,12.81099146
SAN ANTONIO ISD,San Antonio,2014,373,2519,14.80746328
SAN ANTONIO ISD,San Antonio,2015,332,2613,12.70570226
SAN ANTONIO ISD,San Antonio,2016,395,2534,15.58800316
SAN ANTONIO ISD,San Antonio,2017,445,2672,16.65419162
SANGER ISD,Fort Worth,2011,36,194,18.55670103
SANGER ISD,Fort Worth,2012,26,170,15.29411765
SANGER ISD,Fort Worth,2013,15,164,9.146341463
SANGER ISD,Fort Worth,2014,26,160,16.25
SANGER ISD,Fort Worth,2015,29,206,14.0776699
SANGER ISD,Fort Worth,2016,29,201,14.4278607
SANGER ISD,Fort Worth,2017,23,152,15.13157895
SANTA FE ISD,Houston,2011,35,317,11.04100946
SANTA FE ISD,Houston,2012,39,331,11.78247734
SANTA FE ISD,Houston,2013,42,304,13.81578947
SANTA FE ISD,Houston,2014,42,287,14.63414634
SANTA FE ISD,Houston,2015,51,322,15.83850932
SANTA FE ISD,Houston,2016,54,312,17.30769231
SANTA FE ISD,Houston,2017,42,327,12.8440367
SANTO ISD,Fort Worth,2012,9,29,31.03448276
SANTO ISD,Fort Worth,2013,8,46,17.39130435
SANTO ISD,Fort Worth,2014,6,34,17.64705882
SANTO ISD,Fort Worth,2015,8,35,22.85714286
SANTO ISD,Fort Worth,2016,11,35,31.42857143
SANTO ISD,Fort Worth,2017,11,36,30.55555556
SAVOY ISD,Richardson,2011,,24,
SAVOY ISD,Richardson,2012,,25,
SAVOY ISD,Richardson,2013,,20,
SAVOY ISD,Richardson,2014,,21,
SAVOY ISD,Richardson,2015,,24,
SAVOY ISD,Richardson,2016,,32,
SAVOY ISD,Richardson,2017,,22,
SCHERTZ-CIBOLO-U CITY ISD,Austin,2011,203,882,23.01587302
SCHERTZ-CIBOLO-U CITY ISD,San Antonio,2012,244,1012,24.11067194
SCHERTZ-CIBOLO-U CITY ISD,San Antonio,2013,213,1020,20.88235294
SCHERTZ-CIBOLO-U CITY ISD,San Antonio,2014,229,1015,22.56157635
SCHERTZ-CIBOLO-U CITY ISD,San Antonio,2015,261,1129,23.11780337
SCHERTZ-CIBOLO-U CITY ISD,San Antonio,2016,271,1114,24.32675045
SCHERTZ-CIBOLO-U CITY ISD,San Antonio,2017,295,1247,23.65677626
SCHULENBURG ISD,Austin,2011,7,52,13.46153846
SCHULENBURG ISD,Austin,2012,13,50,26
SCHULENBURG ISD,Austin,2013,8,46,17.39130435
SCHULENBURG ISD,Austin,2014,13,58,22.4137931
SCHULENBURG ISD,Austin,2015,10,47,21.27659574
SCHULENBURG ISD,Austin,2016,7,53,13.20754717
SCHULENBURG ISD,Austin,2017,14,56,25
SCURRY-ROSSER ISD,Richardson,2011,7,53,13.20754717
SCURRY-ROSSER ISD,Richardson,2012,10,59,16.94915254
SCURRY-ROSSER ISD,Richardson,2013,7,60,11.66666667
SCURRY-ROSSER ISD,Richardson,2014,,72,
SCURRY-ROSSER ISD,Richardson,2015,7,73,9.589041096
SCURRY-ROSSER ISD,Richardson,2016,8,73,10.95890411
SCURRY-ROSSER ISD,Richardson,2017,12,89,13.48314607
SEGUIN ISD,Austin,2011,86,486,17.69547325
SEGUIN ISD,Austin,2012,73,473,15.43340381
SEGUIN ISD,Austin,2013,82,472,17.37288136
SEGUIN ISD,Austin,2014,67,413,16.22276029
SEGUIN ISD,Austin,2015,61,441,13.83219955
SEGUIN ISD,Austin,2016,72,446,16.14349776
SEGUIN ISD,Austin,2017,63,462,13.63636364
SHELDON ISD,Houston,2011,53,353,15.01416431
SHELDON ISD,Houston,2012,55,343,16.03498542
SHELDON ISD,Houston,2013,44,378,11.64021164
SHELDON ISD,Houston,2014,57,383,14.88250653
SHELDON ISD,Houston,2015,63,430,14.65116279
SHELDON ISD,Houston,2016,63,445,14.15730337
SHELDON ISD,Houston,2017,59,480,12.29166667
SHERMAN ISD,Richardson,2011,45,376,11.96808511
SHERMAN ISD,Richardson,2012,35,385,9.090909091
SHERMAN ISD,Richardson,2013,49,340,14.41176471
SHERMAN ISD,Richardson,2014,44,377,11.67108753
SHERMAN ISD,Richardson,2015,43,402,10.69651741
SHERMAN ISD,Richardson,2016,43,396,10.85858586
SHERMAN ISD,Richardson,2017,53,403,13.15136476
SLIDELL ISD,Fort Worth,2011,,10,
SLIDELL ISD,Fort Worth,2012,5,17,29.41176471
SLIDELL ISD,Fort Worth,2013,,24,
SLIDELL ISD,Fort Worth,2014,,14,
SLIDELL ISD,Fort Worth,2015,,15,
SLIDELL ISD,Fort Worth,2016,,19,
SLIDELL ISD,Fort Worth,2017,,20,
SMITHVILLE ISD,Austin,2012,17,106,16.03773585
SMITHVILLE ISD,Austin,2013,29,159,18.23899371
SMITHVILLE ISD,Austin,2014,17,133,12.78195489
SMITHVILLE ISD,Austin,2015,23,119,19.32773109
SMITHVILLE ISD,Austin,2016,22,133,16.54135338
SMITHVILLE ISD,Austin,2017,17,124,13.70967742
SOMERSET ISD,San Antonio,2011,29,210,13.80952381
SOMERSET ISD,San Antonio,2012,27,189,14.28571429
SOMERSET ISD,San Antonio,2013,23,210,10.95238095
SOMERSET ISD,San Antonio,2014,25,232,10.77586207
SOMERSET ISD,San Antonio,2015,28,224,12.5
SOMERSET ISD,San Antonio,2016,37,261,14.17624521
SOMERSET ISD,San Antonio,2017,35,250,14
SOUTH SAN ANTONIO ISD,San Antonio,2011,49,422,11.61137441
SOUTH SAN ANTONIO ISD,San Antonio,2012,55,448,12.27678571
SOUTH SAN ANTONIO ISD,San Antonio,2013,44,431,10.20881671
SOUTH SAN ANTONIO ISD,San Antonio,2014,48,500,9.6
SOUTH SAN ANTONIO ISD,San Antonio,2015,51,514,9.922178988
SOUTH SAN ANTONIO ISD,San Antonio,2016,78,493,15.82150101
SOUTH SAN ANTONIO ISD,San Antonio,2017,55,533,10.31894934
SOUTHSIDE ISD,San Antonio,2011,27,298,9.060402685
SOUTHSIDE ISD,San Antonio,2012,33,295,11.18644068
SOUTHSIDE ISD,San Antonio,2013,31,287,10.80139373
SOUTHSIDE ISD,San Antonio,2014,42,268,15.67164179
SOUTHSIDE ISD,San Antonio,2015,41,274,14.96350365
SOUTHSIDE ISD,San Antonio,2016,47,344,13.6627907
SOUTHSIDE ISD,San Antonio,2017,45,325,13.84615385
SOUTHWEST ISD,San Antonio,2011,50,627,7.974481659
SOUTHWEST ISD,San Antonio,2012,45,655,6.870229008
SOUTHWEST ISD,San Antonio,2013,45,719,6.258692629
SOUTHWEST ISD,San Antonio,2014,54,701,7.703281027
SOUTHWEST ISD,San Antonio,2015,71,812,8.743842365
SOUTHWEST ISD,San Antonio,2016,78,830,9.397590361
SOUTHWEST ISD,San Antonio,2017,87,855,10.1754386
SPRING BRANCH ISD,Houston,2011,435,1867,23.29941082
SPRING BRANCH ISD,Houston,2012,447,1835,24.35967302
SPRING BRANCH ISD,Houston,2013,479,2011,23.81899552
SPRING BRANCH ISD,Houston,2014,442,2048,21.58203125
SPRING BRANCH ISD,Houston,2015,433,1998,21.67167167
SPRING BRANCH ISD,Houston,2016,512,2143,23.89174055
SPRING BRANCH ISD,Houston,2017,478,2199,21.73715325
SPRING ISD,Houston,2011,412,1891,21.78741407
SPRING ISD,Houston,2012,404,1943,20.79258878
SPRING ISD,Houston,2013,389,2019,19.26696384
SPRING ISD,Houston,2014,366,1977,18.51289833
SPRING ISD,Houston,2015,432,2058,20.99125364
SPRING ISD,Houston,2016,418,2016,20.73412698
SPRING ISD,Houston,2017,374,2058,18.17298348
SPRINGTOWN ISD,Fort Worth,2011,26,222,11.71171171
SPRINGTOWN ISD,Fort Worth,2012,28,202,13.86138614
SPRINGTOWN ISD,Fort Worth,2013,22,215,10.23255814
SPRINGTOWN ISD,Fort Worth,2014,25,180,13.88888889
SPRINGTOWN ISD,Fort Worth,2015,37,195,18.97435897
SPRINGTOWN ISD,Fort Worth,2016,30,193,15.54404145
SPRINGTOWN ISD,Fort Worth,2017,38,202,18.81188119
STEPHENVILLE ISD,Fort Worth,2014,97,245,39.59183673
STEPHENVILLE ISD,Fort Worth,2015,56,175,32
STEPHENVILLE ISD,Fort Worth,2016,81,219,36.98630137
STEPHENVILLE ISD,Fort Worth,2017,78,228,34.21052632
STOCKDALE ISD,San Antonio,2011,10,56,17.85714286
STOCKDALE ISD,San Antonio,2012,12,44,27.27272727
STOCKDALE ISD,San Antonio,2013,18,61,29.50819672
STOCKDALE ISD,San Antonio,2014,11,45,24.44444444
STOCKDALE ISD,San Antonio,2015,11,58,18.96551724
STOCKDALE ISD,San Antonio,2016,13,57,22.80701754
STOCKDALE ISD,San Antonio,2017,6,40,15
STRAWN ISD,Fort Worth,2014,,8,
STRAWN ISD,Fort Worth,2015,,18,
STRAWN ISD,Fort Worth,2016,,12,
STRAWN ISD,Fort Worth,2017,,14,
SUNNYVALE ISD,Richardson,2011,22,70,31.42857143
SUNNYVALE ISD,Richardson,2012,31,89,34.83146067
SUNNYVALE ISD,Richardson,2013,41,85,48.23529412
SUNNYVALE ISD,Richardson,2014,36,86,41.86046512
SUNNYVALE ISD,Richardson,2015,46,110,41.81818182
SUNNYVALE ISD,Richardson,2016,42,103,40.77669903
SUNNYVALE ISD,Richardson,2017,48,122,39.3442623
SWEENY ISD,Houston,2011,29,129,22.48062016
SWEENY ISD,Houston,2012,21,141,14.89361702
SWEENY ISD,Houston,2013,24,144,16.66666667
SWEENY ISD,Houston,2014,24,126,19.04761905
SWEENY ISD,Houston,2015,22,118,18.6440678
SWEENY ISD,Houston,2016,22,120,18.33333333
SWEENY ISD,Houston,2017,20,143,13.98601399
TARKINGTON ISD,Houston,2011,20,132,15.15151515
TARKINGTON ISD,Houston,2012,12,138,8.695652174
TARKINGTON ISD,Houston,2013,16,140,11.42857143
TARKINGTON ISD,Houston,2014,12,105,11.42857143
TARKINGTON ISD,Houston,2015,18,110,16.36363636
TARKINGTON ISD,Houston,2016,17,121,14.04958678
TARKINGTON ISD,Houston,2017,15,103,14.5631068
TAYLOR ISD,Austin,2011,43,222,19.36936937
TAYLOR ISD,Austin,2012,36,206,17.47572816
TAYLOR ISD,Austin,2013,38,217,17.51152074
TAYLOR ISD,Austin,2014,44,233,18.88412017
TAYLOR ISD,Austin,2015,50,236,21.18644068
TAYLOR ISD,Austin,2016,46,261,17.62452107
TAYLOR ISD,Austin,2017,49,204,24.01960784
TERRELL ISD,Richardson,2011,33,235,14.04255319
TERRELL ISD,Richardson,2012,26,205,12.68292683
TERRELL ISD,Richardson,2013,16,224,7.142857143
TERRELL ISD,Richardson,2014,21,209,10.04784689
TERRELL ISD,Richardson,2015,32,270,11.85185185
TERRELL ISD,Richardson,2016,28,240,11.66666667
TERRELL ISD,Richardson,2017,24,244,9.836065574
TEXAS CITY ISD,Houston,2011,48,385,12.46753247
TEXAS CITY ISD,Houston,2012,51,350,14.57142857
TEXAS CITY ISD,Houston,2013,36,364,9.89010989
TEXAS CITY ISD,Houston,2014,52,364,14.28571429
TEXAS CITY ISD,Houston,2015,68,427,15.92505855
TEXAS CITY ISD,Houston,2016,57,428,13.31775701
TEXAS CITY ISD,Houston,2017,73,588,12.41496599
THORNDALE ISD,Austin,2011,11,54,20.37037037
THORNDALE ISD,Austin,2012,9,44,20.45454545
THORNDALE ISD,Austin,2013,11,55,20
THORNDALE ISD,Austin,2014,9,53,16.98113208
THORNDALE ISD,Austin,2015,8,47,17.0212766
THORNDALE ISD,Austin,2016,10,45,22.22222222
THORNDALE ISD,Austin,2017,,32,
THRALL ISD,Austin,2011,10,45,22.22222222
THRALL ISD,Austin,2012,9,38,23.68421053
THRALL ISD,Austin,2013,6,38,15.78947368
THRALL ISD,Austin,2014,12,45,26.66666667
THRALL ISD,Austin,2015,13,43,30.23255814
THRALL ISD,Austin,2016,16,57,28.07017544
THRALL ISD,Austin,2017,15,50,30
TIOGA ISD,Richardson,2016,5,23,21.73913043
TIOGA ISD,Richardson,2017,,22,
TOLAR ISD,Fort Worth,2011,14,43,32.55813953
TOLAR ISD,Fort Worth,2012,19,54,35.18518519
TOLAR ISD,Fort Worth,2013,20,57,35.0877193
TOLAR ISD,Fort Worth,2014,19,46,41.30434783
TOLAR ISD,Fort Worth,2015,15,55,27.27272727
TOLAR ISD,Fort Worth,2016,22,58,37.93103448
TOLAR ISD,Fort Worth,2017,19,62,30.64516129
TOM BEAN ISD,Richardson,2011,8,65,12.30769231
TOM BEAN ISD,Richardson,2012,7,59,11.86440678
TOM BEAN ISD,Richardson,2013,9,60,15
TOM BEAN ISD,Richardson,2014,10,64,15.625
TOM BEAN ISD,Richardson,2015,9,57,15.78947368
TOM BEAN ISD,Richardson,2016,,44,
TOM BEAN ISD,Richardson,2017,9,42,21.42857143
TOMBALL ISD,Houston,2011,166,700,23.71428571
TOMBALL ISD,Houston,2012,149,701,21.2553495
TOMBALL ISD,Houston,2013,165,694,23.77521614
TOMBALL ISD,Houston,2014,201,752,26.7287234
TOMBALL ISD,Houston,2015,180,801,22.47191011
TOMBALL ISD,Houston,2016,178,800,22.25
TOMBALL ISD,Houston,2017,243,903,26.910299
TRENTON ISD,Richardson,2011,,41,
TRENTON ISD,Richardson,2012,,39,
TRENTON ISD,Richardson,2013,,35,
TRENTON ISD,Richardson,2014,5,52,9.615384615
TRENTON ISD,Richardson,2015,,39,
TRENTON ISD,Richardson,2016,5,42,11.9047619
TRENTON ISD,Richardson,2017,,42,
TULOSO-MIDWAY ISD,San Antonio,2016,82,317,25.86750789
TULOSO-MIDWAY ISD,San Antonio,2017,64,312,20.51282051
UTOPIA ISD,San Antonio,2011,,18,
UTOPIA ISD,San Antonio,2012,7,18,38.88888889
UTOPIA ISD,San Antonio,2014,,15,
UTOPIA ISD,San Antonio,2015,,20,
UTOPIA ISD,San Antonio,2016,,12,
UTOPIA ISD,San Antonio,2017,,15,
VALLEY VIEW ISD,Fort Worth,2011,9,43,20.93023256
VALLEY VIEW ISD,Fort Worth,2012,7,41,17.07317073
VALLEY VIEW ISD,Fort Worth,2013,7,41,17.07317073
VALLEY VIEW ISD,Fort Worth,2014,12,48,25
VALLEY VIEW ISD,Fort Worth,2015,10,49,20.40816327
VALLEY VIEW ISD,Fort Worth,2016,11,53,20.75471698
VALLEY VIEW ISD,Fort Worth,2017,9,47,19.14893617
VAN ALSTYNE ISD,Richardson,2011,19,112,16.96428571
VAN ALSTYNE ISD,Richardson,2012,13,113,11.50442478
VAN ALSTYNE ISD,Richardson,2013,24,96,25
VAN ALSTYNE ISD,Richardson,2014,20,96,20.83333333
VAN ALSTYNE ISD,Richardson,2015,21,116,18.10344828
VAN ALSTYNE ISD,Richardson,2016,16,98,16.32653061
VAN ALSTYNE ISD,Richardson,2017,21,106,19.81132075
VENUS ISD,Fort Worth,2011,11,110,10
VENUS ISD,Fort Worth,2012,12,111,10.81081081
VENUS ISD,Fort Worth,2013,13,115,11.30434783
VENUS ISD,Fort Worth,2014,19,120,15.83333333
VENUS ISD,Fort Worth,2015,21,111,18.91891892
VENUS ISD,Fort Worth,2016,18,105,17.14285714
VENUS ISD,Fort Worth,2017,17,118,14.40677966
WAELDER ISD,Austin,2012,,15,
WAELDER ISD,Austin,2013,,21,
WAELDER ISD,Austin,2014,,9,
WAELDER ISD,Austin,2015,,18,
WAELDER ISD,Austin,2016,,13,
WAELDER ISD,Austin,2017,,14,
WALLER ISD,Houston,2011,57,340,16.76470588
WALLER ISD,Houston,2012,56,368,15.2173913
WALLER ISD,Houston,2013,52,349,14.89971347
WALLER ISD,Houston,2014,53,351,15.0997151
WALLER ISD,Houston,2015,67,334,20.05988024
WALLER ISD,Houston,2016,80,384,20.83333333
WALLER ISD,Houston,2017,76,422,18.00947867
WAXAHACHIE ISD,Richardson,2011,81,499,16.23246493
WAXAHACHIE ISD,Richardson,2012,95,517,18.37524178
WAXAHACHIE ISD,Richardson,2013,104,505,20.59405941
WAXAHACHIE ISD,Richardson,2014,112,557,20.10771993
WAXAHACHIE ISD,Richardson,2015,98,545,17.98165138
WAXAHACHIE ISD,Richardson,2016,106,538,19.70260223
WAXAHACHIE ISD,Richardson,2017,134,586,22.8668942
WEATHERFORD ISD,Fort Worth,2011,86,494,17.40890688
WEATHERFORD ISD,Fort Worth,2012,85,508,16.73228346
WEATHERFORD ISD,Fort Worth,2013,84,507,16.56804734
WEATHERFORD ISD,Fort Worth,2014,77,493,15.61866126
WEATHERFORD ISD,Fort Worth,2015,77,520,14.80769231
WEATHERFORD ISD,Fort Worth,2016,84,514,16.34241245
WEATHERFORD ISD,Fort Worth,2017,89,590,15.08474576
WHITE SETTLEMENT ISD,Fort Worth,2011,34,383,8.877284595
WHITE SETTLEMENT ISD,Fort Worth,2012,46,446,10.31390135
WHITE SETTLEMENT ISD,Fort Worth,2013,59,402,14.67661692
WHITE SETTLEMENT ISD,Fort Worth,2014,65,412,15.77669903
WHITE SETTLEMENT ISD,Fort Worth,2015,62,397,15.61712846
WHITE SETTLEMENT ISD,Fort Worth,2016,65,420,15.47619048
WHITE SETTLEMENT ISD,Fort Worth,2017,74,418,17.70334928
WHITESBORO ISD,Richardson,2011,10,112,8.928571429
WHITESBORO ISD,Richardson,2012,11,97,11.34020619
WHITESBORO ISD,Richardson,2013,14,84,16.66666667
WHITESBORO ISD,Richardson,2014,18,103,17.47572816
WHITESBORO ISD,Richardson,2015,13,85,15.29411765
WHITESBORO ISD,Richardson,2016,18,109,16.51376147
WHITESBORO ISD,Richardson,2017,19,90,21.11111111
WHITEWRIGHT ISD,Richardson,2011,6,56,10.71428571
WHITEWRIGHT ISD,Richardson,2012,8,51,15.68627451
WHITEWRIGHT ISD,Richardson,2014,10,51,19.60784314
WHITEWRIGHT ISD,Richardson,2015,9,53,16.98113208
WHITEWRIGHT ISD,Richardson,2016,10,64,15.625
WHITEWRIGHT ISD,Richardson,2017,16,64,25
WILLS POINT ISD,Richardson,2011,32,189,16.93121693
WILLS POINT ISD,Richardson,2012,22,162,13.58024691
WILLS POINT ISD,Richardson,2013,32,181,17.67955801
WILLS POINT ISD,Richardson,2014,26,170,15.29411765
WILLS POINT ISD,Richardson,2015,31,159,19.49685535
WILLS POINT ISD,Richardson,2016,25,157,15.92356688
WILLS POINT ISD,Richardson,2017,31,155,20
WIMBERLEY ISD,Austin,2011,52,155,33.5483871
WIMBERLEY ISD,Austin,2012,54,179,30.16759777
WIMBERLEY ISD,Austin,2013,52,149,34.89932886
WIMBERLEY ISD,Austin,2014,47,162,29.01234568
WIMBERLEY ISD,Austin,2015,51,170,30
WIMBERLEY ISD,Austin,2016,38,141,26.95035461
WIMBERLEY ISD,Austin,2017,47,152,30.92105263
WOLFE CITY ISD,Richardson,2011,14,44,31.81818182
WOLFE CITY ISD,Richardson,2012,11,39,28.20512821
WOLFE CITY ISD,Richardson,2013,6,33,18.18181818
WOLFE CITY ISD,Richardson,2014,15,47,31.91489362
WOLFE CITY ISD,Richardson,2017,7,44,15.90909091
WYLIE ISD,Richardson,2011,121,721,16.78224688
WYLIE ISD,Richardson,2012,119,707,16.83168317
WYLIE ISD,Richardson,2013,152,802,18.95261845
WYLIE ISD,Richardson,2014,139,794,17.50629723
WYLIE ISD,Richardson,2015,154,858,17.94871795
WYLIE ISD,Richardson,2016,199,949,20.96944152
WYLIE ISD,Richardson,2017,187,993,18.83182276
