Group,District,DistName,cntyname,RegnName,REGION,Exnees_Above_Crit_Rate,Part_Rate,Students_Mskd,Exnees_Mskd,Exnees_Crit_Mskd,Exams_Mskd,Exams_Crit_Mskd,Exams_Above_Crit_Rate
All students,001903,Elkhart ISD,Anderson County,Kilgore,07,,5.1,175,9,<10,13,8,61.5
All students,001907,Palestine ISD,Anderson County,Kilgore,07,52,6.3,400,25,13,40,24,60
All students,001908,Westwood ISD,Anderson County,Kilgore,07,,8.9,168,15,<10,21,6,28.6
All students,002901,Andrews ISD,Andrews County,Midland,18,10.5,20.6,417,86,9,107,9,8.4
All students,003902,Hudson ISD,Angelina County,Kilgore,07,74.4,11.9,361,43,32,43,32,74.4
All students,003903,Lufkin ISD,Angelina County,Kilgore,07,46.6,22.5,1115,251,117,525,223,42.5
All students,003905,Diboll ISD,Angelina County,Kilgore,07,,9.4,244,23,<5,27,<5,
All students,003907,Central ISD,Angelina County,Kilgore,07,,6.9,202,14,<5,14,<5,
All students,004901,Aransas County ISD,Aransas County,Corpus Christi,02,49.4,20,406,81,40,170,74,43.5
All students,005901,Archer City ISD,Archer County,Wichita Falls,09,35.3,24.6,69,17,6,19,7,36.8
All students,005902,Holliday ISD,Archer County,Wichita Falls,09,57.6,23.7,139,33,19,41,24,58.5
All students,006902,Claude ISD,Armstrong County,Amarillo,16,,,55,<5,<5,<5,<5,
All students,007902,Jourdanton ISD,Atascosa County,San Antonio,20,,,180,<5,<5,5,<5,
All students,007904,Lytle ISD,Atascosa County,San Antonio,20,31.3,6.4,249,16,5,17,5,29.4
All students,007905,Pleasanton ISD,Atascosa County,San Antonio,20,25.8,14.9,443,66,17,98,27,27.6
All students,007906,Poteet ISD,Atascosa County,San Antonio,20,,8.6,222,19,<5,23,<5,
All students,008901,Bellville ISD,Austin County,Huntsville,06,66,16.2,327,53,35,73,47,64.4
All students,008902,Sealy ISD,Austin County,Huntsville,06,37.6,27.5,367,101,38,223,60,26.9
All students,009901,Muleshoe ISD,Bailey County,Lubbock,17,,,154,<5,<5,<5,<5,
All students,010901,Medina ISD,Bandera County,San Antonio,20,,17.3,52,9,<5,12,<10,
All students,010902,Bandera ISD,Bandera County,San Antonio,20,40.4,13.1,358,47,19,85,29,34.1
All students,011901,Bastrop ISD,Bastrop County,Austin,13,63.5,10.7,1179,126,80,263,134,51
All students,011902,Elgin ISD,Bastrop County,Austin,13,30.8,23.8,547,130,40,233,56,24
All students,011904,Smithville ISD,Bastrop County,Austin,13,,5.1,277,14,<5,17,<5,
All students,013901,Beeville ISD,Bee County,Corpus Christi,02,40.6,7.2,442,32,13,62,20,32.3
All students,013905,Skidmore-Tynan ISD,Bee County,Corpus Christi,02,,28,132,37,<5,43,<5,
All students,014804,Orenda Charter School,Bell County,Waco,12,,22.7,97,22,<15,<45,12,
All students,014901,Academy ISD,Bell County,Waco,12,58.3,14.8,162,24,14,33,15,45.5
All students,014903,Belton ISD,Bell County,Waco,12,79.4,12.6,1229,155,123,354,253,71.5
All students,014906,Killeen ISD,Bell County,Waco,12,35.2,23,4176,960,338,1861,553,29.7
All students,014908,Salado ISD,Bell County,Waco,12,,26.1,230,60,<45,101,69,68.3
All students,014909,Temple ISD,Bell County,Waco,12,54.7,19.8,858,170,93,367,161,43.9
All students,014910,Troy ISD,Bell County,Waco,12,,26.7,165,44,<5,54,<5,
All students,015801,Por Vida Academy,Bexar County,San Antonio,20,,,145,<5,<5,<5,<5,
All students,015802,George Gervin Academy,Bexar County,San Antonio,20,,,52,<5,<5,<5,<5,
All students,015806,School Of Excellence In Education,Bexar County,San Antonio,20,,23.5,85,20,<5,25,<5,
All students,015826,Kipp San Antonio,Bexar County,San Antonio,20,,19.5,133,26,<5,44,<10,
All students,015827,School Of Science And Technology,Bexar County,San Antonio,20,42,64.1,78,50,21,102,36,35.3
All students,015828,Harmony Science Acad (San Antonio),Bexar County,San Antonio,20,51.1,39.1,115,45,23,62,27,43.5
All students,015830,Brooks Academy Of Science And Engi,Bexar County,San Antonio,20,26.3,54.4,147,80,21,134,26,19.4
All students,015831,School Of Science And Technology D,Bexar County,San Antonio,20,,,14,<5,<5,<5,<5,
All students,015832,City Center Health Careers,Bexar County,San Antonio,20,,,17,<5,<5,<5,<5,
All students,015833,Henry Ford Academy Alameda School,Bexar County,San Antonio,20,68.4,31.7,120,38,26,41,26,63.4
All students,015901,Alamo Heights ISD,Bexar County,San Antonio,20,75.9,46.9,700,328,249,753,521,69.2
All students,015904,Harlandale ISD,Bexar County,San Antonio,20,16.4,15.8,1742,275,45,421,57,13.5
All students,015905,Edgewood ISD,Bexar County,San Antonio,20,10.6,26.1,1161,303,32,520,33,6.3
All students,015906,Randolph Field ISD,Bexar County,San Antonio,20,56.6,59.3,140,83,47,181,<95,
All students,015907,San Antonio ISD,Bexar County,San Antonio,20,14.7,23.9,5577,1331,195,2483,259,10.4
All students,015908,South San Antonio ISD,Bexar County,San Antonio,20,11.8,7.1,953,68,8,99,8,8.1
All students,015909,Somerset ISD,Bexar County,San Antonio,20,13.6,9.6,456,44,6,52,6,11.5
All students,015910,North East ISD,Bexar County,San Antonio,20,57.6,34.4,9464,3257,1876,8352,4079,48.8
All students,015911,East Central ISD,Bexar County,San Antonio,20,33.3,17.5,1286,225,75,434,126,29
All students,015912,Southwest ISD,Bexar County,San Antonio,20,30.4,7.4,1512,112,34,157,42,26.8
All students,015913,Lackland ISD,Bexar County,San Antonio,20,45.7,50.7,69,35,16,76,27,35.5
All students,015914,Ft Sam Houston ISD,Bexar County,San Antonio,20,36.5,45.1,164,74,27,146,37,25.3
All students,015915,Northside ISD,Bexar County,San Antonio,20,43.2,31.8,12841,4078,1760,8932,3453,38.7
All students,015916,Judson ISD,Bexar County,San Antonio,20,49.4,10.3,2402,247,122,467,193,41.3
All students,015917,Southside ISD,Bexar County,San Antonio,20,35.6,21.1,627,132,47,192,56,29.2
All students,016901,Johnson City ISD,Blanco County,Austin,13,,,95,<5,<5,<5,<5,
All students,016902,Blanco ISD,Blanco County,Austin,13,62.2,26.4,140,37,23,68,39,57.4
All students,018901,Clifton ISD,Bosque County,Waco,12,,6,133,8,<5,10,<5,
All students,019907,Texarkana ISD,Bowie County,Mt Pleasant,08,62.1,15.9,881,140,87,264,159,60.2
All students,019912,Pleasant Grove ISD,Bowie County,Mt Pleasant,08,,10.6,321,34,<25,52,31,59.6
All students,020901,Alvin ISD,Brazoria County,Houston,04,51,19.2,2078,398,203,848,408,48.1
All students,020902,Angleton ISD,Brazoria County,Houston,04,44,13.3,871,116,51,218,75,34.4
All students,020905,Brazosport ISD,Brazoria County,Houston,04,66,12.3,1558,191,126,356,232,65.2
All students,020906,Sweeny ISD,Brazoria County,Houston,04,44.4,6.3,285,18,8,18,8,44.4
All students,020908,Pearland ISD,Brazoria County,Houston,04,61.4,32.2,2637,849,521,2338,1302,55.7
All students,021901,College Station ISD,Brazos County,Huntsville,06,81,30.7,1368,420,340,1091,906,83
All students,021902,Bryan ISD,Brazos County,Huntsville,06,63.7,17.1,1628,278,177,532,298,56
All students,022901,Alpine ISD,Brewster County,Midland,18,52.4,15.2,138,21,11,26,13,50
All students,025909,Early ISD,Brown County,San Angelo,15,62.9,22.2,158,35,22,46,24,52.2
All students,026901,Caldwell ISD,Burleson County,Huntsville,06,51.2,15.5,265,41,21,50,23,46
All students,026902,Somerville ISD,Burleson County,Huntsville,06,,,68,<5,<5,<5,<5,
All students,026903,Snook ISD,Burleson County,Huntsville,06,,8.8,57,5,<5,5,<5,
All students,027903,Burnet CISD,Burnet County,Austin,13,24.4,27.3,436,119,29,213,34,16
All students,027904,Marble Falls ISD,Burnet County,Austin,13,43.5,19.6,552,108,47,202,70,34.7
All students,028902,Lockhart ISD,Caldwell County,Austin,13,49.4,13.9,642,89,44,188,76,40.4
All students,029901,Calhoun County ISD,Calhoun County,Victoria,03,30.4,13.2,524,69,21,143,35,24.5
All students,030902,Clyde CISD,Callahan County,Abilene,14,,6.8,192,13,<10,27,<15,
All students,031803,Harmony Science Academy - Brownsvi,Cameron County,Edinburg,01,,47.4,19,9,<5,16,<5,
All students,031901,Brownsville ISD,Cameron County,Edinburg,01,21.2,28.9,5934,1717,364,3233,466,14.4
All students,031903,Harlingen CISD,Cameron County,Edinburg,01,18.5,15.2,2356,357,66,672,97,14.4
All students,031905,La Feria ISD,Cameron County,Edinburg,01,23.9,20.1,437,88,21,168,33,19.6
All students,031906,Los Fresnos CISD,Cameron County,Edinburg,01,45,14.7,1363,200,90,397,154,38.8
All students,031909,Point Isabel ISD,Cameron County,Edinburg,01,28.3,28.7,321,92,26,142,30,21.1
All students,031911,Rio Hondo ISD,Cameron County,Edinburg,01,33.3,7.4,283,21,7,28,7,25
All students,031912,San Benito CISD,Cameron County,Edinburg,01,41.3,8.3,1260,104,43,189,57,30.2
All students,031913,Santa Maria ISD,Cameron County,Edinburg,01,,29.7,74,22,<5,33,<5,
All students,031914,Santa Rosa ISD,Cameron County,Edinburg,01,,22.1,181,40,<5,44,<5,
All students,031916,South Texas ISD,Cameron County,Edinburg,01,42.8,83.2,1229,1022,437,3534,869,24.6
All students,032902,Pittsburg ISD,Camp County,Mt Pleasant,08,,11.6,310,36,<5,44,5,11.4
All students,034901,Atlanta ISD,Cass County,Mt Pleasant,08,,,267,<5,<5,<5,<5,
All students,035901,Dimmitt ISD,Castro County,Amarillo,16,,7.7,130,10,<5,10,<5,
All students,035902,Hart ISD,Castro County,Amarillo,16,,,37,<5,<5,<5,<5,
All students,035903,Nazareth ISD,Castro County,Amarillo,16,,,31,<5,<5,<5,<5,
All students,036901,Anahuac ISD,Chambers County,Houston,04,,31.6,152,48,<10,72,7,9.7
All students,036902,Barbers Hill ISD,Chambers County,Houston,04,51.6,14.5,626,91,47,158,77,48.7
All students,036903,East Chambers ISD,Chambers County,Beaumont,05,,,197,<5,<5,<5,<5,
All students,037904,Jacksonville ISD,Cherokee County,Kilgore,07,37.5,9.7,494,48,18,59,23,39
All students,037907,Rusk ISD,Cherokee County,Kilgore,07,,1.8,276,5,<5,5,<5,
All students,039902,Henrietta ISD,Clay County,Wichita Falls,09,,5.4,130,7,<10,9,5,55.6
All students,040902,Whiteface CISD,Cochran County,Lubbock,17,,,39,<5,<5,<5,<5,
All students,041901,Bronte ISD,Coke County,San Angelo,15,,,36,<5,<5,<5,<5,
All students,042901,Coleman ISD,Coleman County,San Angelo,15,,,96,<5,<5,<5,<5,
All students,043901,Allen ISD,Collin County,Richardson,10,78,27.8,2740,763,595,1783,1291,72.4
All students,043902,Anna ISD,Collin County,Richardson,10,55,13.4,298,40,22,50,25,50
All students,043903,Celina ISD,Collin County,Richardson,10,64.9,25.6,289,74,48,128,70,54.7
All students,043904,Farmersville ISD,Collin County,Richardson,10,30,20.2,198,40,12,40,12,30
All students,043905,Frisco ISD,Collin County,Richardson,10,77.8,35.2,4709,1659,1290,4070,2928,71.9
All students,043907,McKinney ISD,Collin County,Richardson,10,69.8,46.1,3252,1498,1046,3807,2452,64.4
All students,043908,Melissa ISD,Collin County,Richardson,10,35.5,14.6,213,31,11,31,11,35.5
All students,043910,Plano ISD,Collin County,Richardson,10,86.2,42.1,7851,3303,2848,9556,7619,79.7
All students,043911,Princeton ISD,Collin County,Richardson,10,,5.4,460,25,<5,39,<5,
All students,043912,Prosper ISD,Collin County,Richardson,10,68,44.1,637,281,191,584,363,62.2
All students,043914,Wylie ISD,Collin County,Richardson,10,66.7,21.1,1592,336,224,656,384,58.5
All students,043917,Blue Ridge ISD,Collin County,Richardson,10,,,81,<5,<5,<5,<5,
All students,043918,Community ISD,Collin County,Richardson,10,,7.9,229,18,<10,20,<10,
All students,043919,Lovejoy ISD,Collin County,Richardson,10,71.1,70.4,561,395,281,1134,680,60
All students,045902,Columbus ISD,Colorado County,Victoria,03,28,10.4,240,25,7,27,8,29.6
All students,045903,Rice CISD,Colorado County,Victoria,03,,,166,<5,<5,<5,<5,
All students,046901,New Braunfels ISD,Comal County,Austin,13,71.9,26.9,1019,274,197,751,431,57.4
All students,046902,Comal ISD,Comal County,Austin,13,58.2,27.4,2541,696,405,1603,715,44.6
All students,047901,Comanche ISD,Comanche County,Abilene,14,61.5,8.6,152,13,8,19,12,63.2
All students,047902,De Leon ISD,Comanche County,Abilene,14,,,69,<5,<5,<5,<5,
All students,049901,Gainesville ISD,Cooke County,Fort Worth,11,,3.6,302,11,<5,18,<5,
All students,049902,Muenster ISD,Cooke County,Fort Worth,11,62.5,21.6,74,16,10,17,10,58.8
All students,049903,Valley View ISD,Cooke County,Fort Worth,11,,,96,<5,<5,<5,<5,
All students,049905,Callisburg ISD,Cooke County,Fort Worth,11,,8.9,168,15,<5,21,<5,
All students,049907,Lindsay ISD,Cooke County,Fort Worth,11,51.9,36,75,27,14,36,16,44.4
All students,050902,Gatesville ISD,Coryell County,Waco,12,19.4,9,398,36,7,59,8,13.6
All students,050909,Jonesboro ISD,Coryell County,Waco,12,,,28,<5,<5,<5,<5,
All students,050910,Copperas Cove ISD,Coryell County,Waco,12,38.8,16.8,981,165,64,297,94,31.6
All students,052901,Crane ISD,Crane County,Midland,18,,6.5,124,8,<5,13,<5,
All students,053001,Crockett County Consolidated CSD,Crockett County,San Angelo,15,,18.9,95,18,<5,18,<5,
All students,054901,Crosbyton CISD,Crosby County,Lubbock,17,,15.7,51,8,<5,10,<5,
All students,054903,Ralls ISD,Crosby County,Lubbock,17,,10.3,58,6,<5,6,<5,
All students,056901,Dalhart ISD,Dallam County,Amarillo,16,,,216,<5,<5,<5,<5,
All students,057802,Pegasus School Of Liberal Arts And,Dallas County,Richardson,10,,25.8,62,16,<5,33,<5,
All students,057803,Uplift Education - North Hills Pre,Dallas County,Richardson,10,62.3,72,225,162,101,458,231,50.4
All students,057807,Life School,Dallas County,Richardson,10,,6.5,275,18,<5,22,<5,
All students,057825,Honors Academy,Dallas County,Richardson,10,,,18,<5,<5,<5,<5,
All students,057829,A+ Academy,Dallas County,Richardson,10,,26.5,147,39,<5,45,<5,
All students,057838,Uplift Education - Peak Preparator,Dallas County,Richardson,10,41.7,93.2,162,151,63,328,80,24.4
All students,057842,Uplift Education - Williams Prepar,Dallas County,Richardson,10,52.7,71.8,156,112,59,242,66,27.3
All students,057843,Uplift Education - Hampton Prepara,Dallas County,Richardson,10,,80.4,102,82,<5,203,7,3.4
All students,057903,Carrollton-Farmers Branch ISD,Dallas County,Richardson,10,53,29.9,3436,1026,544,2162,1035,47.9
All students,057904,Cedar Hill ISD,Dallas County,Richardson,10,33.3,2.2,1217,27,9,41,15,36.6
All students,057905,Dallas ISD,Dallas County,Richardson,10,29.3,32.8,16805,5515,1615,13727,3332,24.3
All students,057906,Desoto ISD,Dallas County,Richardson,10,17.4,8.9,1294,115,20,189,23,12.2
All students,057907,Duncanville ISD,Dallas County,Richardson,10,67.5,6.6,1805,120,81,235,138,58.7
All students,057909,Garland ISD,Dallas County,Richardson,10,53.5,16.5,8160,1347,721,2746,1226,44.6
All students,057910,Grand Prairie ISD,Dallas County,Richardson,10,27.1,23.8,3586,852,231,1528,368,24.1
All students,057911,Highland Park ISD,Dallas County,Richardson,10,,78.3,997,781,<590,<2340,1597,
All students,057912,Irving ISD,Dallas County,Richardson,10,37,25.8,4104,1059,392,2129,584,27.4
All students,057913,Lancaster ISD,Dallas County,Richardson,10,5.6,25.2,777,196,11,316,14,4.4
All students,057914,Mesquite ISD,Dallas County,Richardson,10,50.2,15.5,5288,822,413,1601,635,39.7
All students,057916,Richardson ISD,Dallas County,Richardson,10,66,36.5,4398,1607,1060,3824,2355,61.6
All students,057922,Coppell ISD,Dallas County,Richardson,10,78.2,44.6,1603,715,559,1686,1170,69.4
All students,059901,Hereford ISD,Deaf Smith County,Amarillo,16,,1.8,496,9,<10,11,7,63.6
All students,060902,Cooper ISD,Delta County,Mt Pleasant,08,,,109,<5,<5,<5,<5,
All students,061501,University Of North Texas,Denton County,Fort Worth,11,,,<5,<10,<5,8,7,87.5
All students,061901,Denton ISD,Denton County,Fort Worth,11,52.4,20.1,3023,607,318,1272,611,48
All students,061902,Lewisville ISD,Denton County,Fort Worth,11,75.9,28.9,7387,2136,1621,4763,3403,71.4
All students,061905,Krum ISD,Denton County,Fort Worth,11,43.6,18.1,216,39,17,56,26,46.4
All students,061906,Ponder ISD,Denton County,Fort Worth,11,58.3,6.9,175,12,7,12,7,58.3
All students,061907,Aubrey ISD,Denton County,Fort Worth,11,37,10.7,253,27,10,33,13,39.4
All students,061908,Sanger ISD,Denton County,Fort Worth,11,,8,312,25,<15,41,<20,
All students,061910,Argyle ISD,Denton County,Fort Worth,11,77.1,24.6,337,83,64,190,132,69.5
All students,061911,Northwest ISD,Denton County,Fort Worth,11,55.2,34.5,2104,725,400,1783,830,46.6
All students,061912,Lake Dallas ISD,Denton County,Fort Worth,11,42.7,12.6,593,75,32,111,48,43.2
All students,061914,Little Elm ISD,Denton County,Fort Worth,11,46.9,25,707,177,83,410,158,38.5
All students,062901,Cuero ISD,Dewitt County,Victoria,03,,3.8,235,9,<5,20,<5,
All students,062903,Yoakum ISD,Dewitt County,Victoria,03,,2.4,245,6,<5,6,<5,
All students,062904,Yorktown ISD,Dewitt County,Victoria,03,,,69,<5,<5,<5,<5,
All students,063906,Patton Springs ISD,Dickens County,Lubbock,17,,,7,<5,<5,<5,<5,
All students,064903,Carrizo Springs CISD,Dimmit County,San Antonio,20,,3.5,231,8,<10,8,5,62.5
All students,065902,Hedley ISD,Donley County,Amarillo,16,,,29,<5,<5,<5,<5,
All students,066902,San Diego ISD,Duval County,Corpus Christi,02,,,185,<5,<5,<10,<5,
All students,067903,Eastland ISD,Eastland County,Abilene,14,46.2,7.4,176,13,6,13,6,46.2
All students,067904,Gorman ISD,Eastland County,Abilene,14,,,33,<5,<5,<5,<5,
All students,068901,Ector County ISD,Ector County,Midland,18,32.5,15.6,2751,428,139,749,213,28.4
All students,069901,Rocksprings ISD,Edwards County,San Angelo,15,,28.6,42,12,<5,12,<5,
All students,070903,Ennis ISD,Ellis County,Richardson,10,35.8,22.2,679,151,54,282,102,36.2
All students,070905,Ferris ISD,Ellis County,Richardson,10,57.1,4.4,315,14,8,16,10,62.5
All students,070908,Midlothian ISD,Ellis County,Richardson,10,57.5,18.6,1078,200,115,456,219,48
All students,070911,Red Oak ISD,Ellis County,Richardson,10,55.1,11.4,941,107,59,208,107,51.4
All students,070912,Waxahachie ISD,Ellis County,Richardson,10,35.4,15,1076,161,57,278,85,30.6
All students,071801,Burnham Wood Charter School Distri,El Paso County,El Paso,19,,23.3,30,7,<5,8,<5,
All students,071806,Harmony Science Acad (El Paso),El Paso County,El Paso,19,43.9,58.4,113,66,29,134,39,29.1
All students,071901,Clint ISD,El Paso County,El Paso,19,33.4,23.4,1327,311,104,430,120,27.9
All students,071902,El Paso ISD,El Paso County,El Paso,19,46.6,19.8,8577,1701,792,3049,1226,40.2
All students,071903,Fabens ISD,El Paso County,El Paso,19,32,7.4,337,25,8,28,8,28.6
All students,071904,San Elizario ISD,El Paso County,El Paso,19,19.4,20.8,471,98,19,169,21,12.4
All students,071905,Ysleta ISD,El Paso County,El Paso,19,28,27.9,5992,1670,468,2807,648,23.1
All students,071906,Anthony ISD,El Paso County,El Paso,19,,,<100,13,<5,17,<5,
All students,071907,Canutillo ISD,El Paso County,El Paso,19,54.8,13.4,860,115,63,171,75,43.9
All students,071909,Socorro ISD,El Paso County,El Paso,19,28.6,13.1,6263,823,235,1590,313,19.7
All students,072801,Premier High Schools,Erath County,Fort Worth,11,,0.3,1861,6,<5,10,5,50
All students,072902,Dublin ISD,Erath County,Fort Worth,11,45.5,8.3,133,11,5,12,5,41.7
All students,072903,Stephenville,Erath County,Fort Worth,11,62.7,15.2,495,75,47,101,61,60.4
All students,072908,Huckabay ISD,Erath County,Fort Worth,11,,,22,<5,<5,<5,<5,
All students,073903,Marlin ISD,Falls County,Waco,12,,14.4,125,18,<5,18,<5,
All students,073905,Rosebud-Lott ISD,Falls County,Waco,12,,,107,<5,<5,<5,<5,
All students,074903,Bonham ISD,Fannin County,Richardson,10,,2.1,239,5,<5,5,<5,
All students,074907,Honey Grove ISD,Fannin County,Richardson,10,,21.6,74,16,<15,20,15,75
All students,074909,Leonard ISD,Fannin County,Richardson,10,,,145,<5,<5,<5,<5,
All students,074912,Trenton ISD,Fannin County,Richardson,10,,,82,<5,<5,<5,<5,
All students,074917,Sam Rayburn ISD,Fannin County,Richardson,10,,,74,<5,<5,<5,<5,
All students,075901,Flatonia ISD,Fayette County,Austin,13,,6.4,94,6,<5,8,<5,
All students,075902,La Grange ISD,Fayette County,Austin,13,58.1,24.1,307,74,43,103,63,61.2
All students,075906,Fayetteville ISD,Fayette County,Austin,13,,,32,<5,<5,<5,<5,
All students,077901,Floydada ISD,Floyd County,Lubbock,17,,9.1,88,8,<5,12,<5,
All students,077902,Lockney ISD,Floyd County,Lubbock,17,,11.4,79,9,<5,10,<5,
All students,079901,Lamar CISD,Fort Bend County,Houston,04,60.3,18.5,3112,577,348,1271,686,54
All students,079906,Needville ISD,Fort Bend County,Houston,04,,5.5,383,21,<20,35,24,68.6
All students,079907,Fort Bend ISD,Fort Bend County,Houston,04,75.3,25.8,10281,2650,1995,7254,5215,71.9
All students,079910,Stafford MSD,Fort Bend County,Houston,04,39.7,17.8,437,78,31,122,39,32
All students,080901,Mount Vernon ISD,Franklin County,Mt Pleasant,08,,6.1,197,12,<5,12,<5,
All students,081902,Fairfield ISD,Freestone County,Waco,12,,9.8,235,23,<5,27,<5,
All students,083903,Seminole ISD,Gaines County,Lubbock,17,,2.3,302,7,<5,9,<5,
All students,084901,Dickinson ISD,Galveston County,Houston,04,22,11.3,1085,123,27,238,52,21.8
All students,084902,Galveston ISD,Galveston County,Houston,04,36,23,870,200,72,390,137,35.1
All students,084904,La Marque ISD,Galveston County,Houston,04,,24.8,290,72,<5,141,<5,
All students,084906,Texas City ISD,Galveston County,Houston,04,26.3,7.8,727,57,15,73,21,28.8
All students,084909,Santa Fe ISD,Galveston County,Houston,04,44.7,6,629,38,17,59,27,45.8
All students,084910,Clear Creek ISD,Galveston County,Houston,04,70,28.5,5736,1634,1144,3633,2449,67.4
All students,084911,Friendswood ISD,Galveston County,Houston,04,82.1,34.7,996,346,284,874,646,73.9
All students,085902,Post ISD,Garza County,Lubbock,17,,12.7,102,13,<5,13,<5,
All students,085903,Southland ISD,Garza County,Lubbock,17,,,21,<5,<5,<5,<5,
All students,086901,Fredericksburg ISD,Gillespie County,Austin,13,69.9,20.8,496,103,72,223,132,59.2
All students,086902,Harper ISD,Gillespie County,Austin,13,,,94,<10,<5,6,<5,
All students,087901,Glasscock County ISD,Glasscock County,Midland,18,,29.5,44,13,<5,13,<5,
All students,088902,Goliad ISD,Goliad County,Victoria,03,19.4,17.3,179,31,6,48,8,16.7
All students,089901,Gonzales ISD,Gonzales County,Austin,13,31,12.5,337,42,13,63,15,23.8
All students,090904,Pampa ISD,Gray County,Amarillo,16,24,21.4,448,96,23,131,30,22.9
All students,091903,Denison ISD,Grayson County,Richardson,10,65.3,17.1,592,101,66,268,134,50
All students,091905,Howe ISD,Grayson County,Richardson,10,39.1,13.8,167,23,9,23,9,39.1
All students,091906,Sherman ISD,Grayson County,Richardson,10,69.9,21.1,738,156,109,368,214,58.2
All students,091908,Van Alstyne ISD,Grayson County,Richardson,10,56.3,8.8,181,16,9,20,11,55
All students,091909,Whitesboro ISD,Grayson County,Richardson,10,42.3,13.8,188,26,11,39,17,43.6
All students,091913,Pottsboro ISD,Grayson County,Richardson,10,64.9,23.9,155,37,24,39,25,64.1
All students,091914,S And S CISD,Grayson County,Richardson,10,44.4,13.2,136,18,8,33,12,36.4
All students,091917,Gunter ISD,Grayson County,Richardson,10,50,8.2,146,12,6,12,6,50
All students,091918,Tom Bean ISD,Grayson County,Richardson,10,38.5,10.3,126,13,5,13,5,38.5
All students,092902,Kilgore ISD,Gregg County,Kilgore,07,,11.2,436,49,<10,70,<10,
All students,092903,Longview ISD,Gregg County,Kilgore,07,21.7,2.2,1057,23,5,29,5,17.2
All students,092904,Pine Tree ISD,Gregg County,Kilgore,07,47.5,26.4,598,158,75,349,137,39.3
All students,092907,Spring Hill ISD,Gregg County,Kilgore,07,50,24.1,216,52,26,67,28,41.8
All students,092908,White Oak ISD,Gregg County,Kilgore,07,,9.1,186,17,<15,24,18,75
All students,093901,Anderson-Shiro CISD,Grimes County,Huntsville,06,,16.8,101,17,<5,32,<5,
All students,093904,Navasota ISD,Grimes County,Huntsville,06,40.8,15,326,49,20,73,25,34.2
All students,094901,Seguin ISD,Guadalupe County,Austin,13,18,26.6,857,228,41,375,57,15.2
All students,094902,Schertz-Cibolo-U City ISD,Guadalupe County,San Antonio,20,48.7,31.9,1980,631,307,1465,599,40.9
All students,094903,Navarro ISD,Guadalupe County,Austin,13,69.7,13.9,238,33,23,40,29,72.5
All students,094904,Marion ISD,Guadalupe County,Austin,13,,9.9,192,19,<20,26,16,61.5
All students,095905,Plainview ISD,Hale County,Lubbock,17,46.7,2.3,651,15,7,18,9,50
All students,096904,Memphis ISD,Hall County,Amarillo,16,,15.1,73,11,<5,12,<5,
All students,097902,Hamilton ISD,Hamilton County,Waco,12,,6.2,113,7,<10,13,<15,
All students,097903,Hico ISD,Hamilton County,Waco,12,,9.7,72,7,<5,7,<5,
All students,098901,Gruver ISD,Hansford County,Amarillo,16,,10.8,65,7,<5,11,<10,
All students,098904,Spearman ISD,Hansford County,Amarillo,16,,22,109,24,<5,28,<5,
All students,100903,Kountze ISD,Hardin County,Beaumont,05,,,175,<5,<5,6,<5,
All students,100904,Silsbee ISD,Hardin County,Beaumont,05,51.9,7.5,360,27,14,30,14,46.7
All students,100905,Hardin-Jefferson ISD,Hardin County,Beaumont,05,50,12.8,234,30,15,42,19,45.2
All students,100907,Lumberton ISD,Hardin County,Beaumont,05,42.9,9.7,507,49,21,85,<40,
All students,101806,Raul Yzaguirre School For Success,Harris County,Houston,04,,19.8,116,23,<15,43,<15,
All students,101813,Kipp Inc Charter,Harris County,Houston,04,26.4,71.6,243,174,46,354,65,18.4
All students,101838,Southwest School,Harris County,Houston,04,,18,217,39,<5,39,<5,
All students,101845,Yes Prep Public Schools Inc,Harris County,Houston,04,54.5,72.5,782,567,309,924,457,49.5
All students,101846,Harmony Science Academy,Harris County,Houston,04,52,62.2,278,173,90,442,187,42.3
All students,101858,Harmony School Of Excellence,Harris County,Houston,04,72,51.4,181,93,67,240,166,69.2
All students,101902,Aldine ISD,Harris County,Houston,04,23.7,19.2,6453,1240,294,2191,392,17.9
All students,101903,Alief ISD,Harris County,Houston,04,36,23,5351,1232,444,2164,609,28.1
All students,101905,Channelview ISD,Harris County,Houston,04,31.3,27.8,1035,288,90,616,133,21.6
All students,101906,Crosby ISD,Harris County,Houston,04,51.2,12.8,655,84,43,170,74,43.5
All students,101907,Cypress-Fairbanks ISD,Harris County,Houston,04,70.1,17.5,14929,2620,1837,5896,3783,64.2
All students,101908,Deer Park ISD,Harris County,Houston,04,40.9,18.3,1793,328,134,516,221,42.8
All students,101909,North Forest ISD,Harris County,Houston,04,23.8,4.3,493,21,5,39,8,20.5
All students,101910,Galena Park ISD,Harris County,Houston,04,61.5,10.2,3211,327,201,648,375,57.9
All students,101911,Goose Creek CISD,Harris County,Houston,04,29.4,21.8,2923,637,187,1433,305,21.3
All students,101912,Houston ISD,Harris County,Houston,04,35,35.9,21040,7560,2648,16403,5723,34.9
All students,101913,Humble ISD,Harris County,Houston,04,60.2,23.5,5178,1215,731,2566,1443,56.2
All students,101914,Katy ISD,Harris County,Houston,04,81.1,31.5,8916,2811,2279,7635,5675,74.3
All students,101915,Klein ISD,Harris County,Houston,04,61,16.4,6428,1055,644,2110,1218,57.7
All students,101916,La Porte ISD,Harris County,Houston,04,52.3,14.3,1059,151,79,312,136,43.6
All students,101917,Pasadena ISD,Harris County,Houston,04,42.5,19.9,6462,1289,548,2990,999,33.4
All students,101919,Spring ISD,Harris County,Houston,04,33.1,13.1,4463,583,193,1084,287,26.5
All students,101920,Spring Branch ISD,Harris County,Houston,04,69.7,36,4331,1559,1087,4145,2435,58.7
All students,101921,Tomball ISD,Harris County,Houston,04,74.6,28.5,1493,425,317,906,519,57.3
All students,101924,Sheldon ISD,Harris County,Houston,04,15.3,8.1,884,72,11,118,13,11
All students,101925,Huffman ISD,Harris County,Houston,04,58.3,11.6,415,48,28,84,42,50
All students,102901,Karnack ISD,Harrison County,Kilgore,07,,,18,<5,<5,<5,<5,
All students,102902,Marshall ISD,Harrison County,Kilgore,07,49,15.2,673,102,50,201,94,46.8
All students,102904,Hallsville ISD,Harrison County,Kilgore,07,52,17.6,578,102,53,215,95,44.2
All students,102906,Elysian Fields ISD,Harrison County,Kilgore,07,,,117,<5,<5,<5,<5,
All students,104903,Rule ISD,Haskell County,Abilene,14,,,11,<5,<5,<10,<5,
All students,105801,Katherine Anne Porter School,Hays County,Austin,13,,9.9,71,7,<5,7,<5,
All students,105902,San Marcos CISD,Hays County,Austin,13,42,20.9,989,207,87,344,151,43.9
All students,105904,Dripping Springs ISD,Hays County,Austin,13,80.4,34.9,644,225,181,498,379,76.1
All students,105905,Wimberley ISD,Hays County,Austin,13,64.1,24.1,323,78,50,113,79,69.9
All students,105906,Hays CISD,Hays County,Austin,13,45.1,34.7,1948,676,305,1665,588,35.3
All students,106901,Canadian ISD,Hemphill County,Amarillo,16,,5.4,92,5,<5,9,<5,
All students,107901,Athens ISD,Henderson County,Kilgore,07,32.7,11.2,436,49,16,128,27,21.1
All students,107902,Brownsboro ISD,Henderson County,Kilgore,07,56.7,7.5,402,30,17,56,26,46.4
All students,107905,Eustace ISD,Henderson County,Kilgore,07,36.8,11.2,170,19,7,29,8,27.6
All students,107906,Malakoff ISD,Henderson County,Kilgore,07,,,150,<5,<5,<5,<5,
All students,108807,Idea Public Schools,Hidalgo County,Edinburg,01,45.1,72.6,1035,751,339,2185,450,20.6
All students,108808,Vanguard Academy,Hidalgo County,Edinburg,01,,40.5,37,15,<15,23,14,60.9
All students,108902,Donna ISD,Hidalgo County,Edinburg,01,30.7,12.7,1618,205,63,302,65,21.5
All students,108903,Edcouch-Elsa ISD,Hidalgo County,Edinburg,01,25,29.6,635,188,47,431,61,14.2
All students,108904,Edinburg CISD,Hidalgo County,Edinburg,01,30.2,24.2,3999,968,292,2030,444,21.9
All students,108905,Hidalgo ISD,Hidalgo County,Edinburg,01,,,<445,<175,22,371,29,7.8
All students,108906,McAllen ISD,Hidalgo County,Edinburg,01,42.5,33.6,2981,1001,425,1939,643,33.2
All students,108907,Mercedes ISD,Hidalgo County,Edinburg,01,32.9,20.2,693,140,46,248,53,21.4
All students,108908,Mission CISD,Hidalgo County,Edinburg,01,28.3,23,1688,389,110,826,164,19.9
All students,108909,Pharr-San Juan-Alamo ISD,Hidalgo County,Edinburg,01,19.9,29,3839,1115,222,2396,311,13
All students,108910,Progreso ISD,Hidalgo County,Edinburg,01,,4.5,242,11,<15,11,<15,
All students,108911,Sharyland ISD,Hidalgo County,Edinburg,01,62,18.2,1488,271,168,533,271,50.8
All students,108912,La Joya ISD,Hidalgo County,Edinburg,01,22.6,20.8,3263,678,153,924,<185,
All students,108913,Weslaco ISD,Hidalgo County,Edinburg,01,31.4,21.3,2001,427,134,838,171,20.4
All students,108914,La Villa ISD,Hidalgo County,Edinburg,01,,,111,<45,<5,63,<5,
All students,108915,Monte Alto ISD,Hidalgo County,Edinburg,01,22.2,29,93,27,6,38,6,15.8
All students,108916,Valley View ISD,Hidalgo County,Edinburg,01,51,16.7,621,104,53,118,54,45.8
All students,109903,Covington ISD,Hill County,Waco,12,,,29,<15,<5,<25,<5,
All students,109904,Hillsboro ISD,Hill County,Waco,12,,14.4,195,28,<5,41,<5,
All students,109911,Whitney ISD,Hill County,Waco,12,28.2,21.3,183,39,11,65,12,18.5
All students,110902,Levelland ISD,Hockley County,Lubbock,17,,3.6,358,13,<5,19,<5,
All students,110905,Ropes ISD,Hockley County,Lubbock,17,,17.8,45,8,<5,8,<5,
All students,110907,Sundown ISD,Hockley County,Lubbock,17,,,84,<5,<5,5,5,100
All students,111901,Granbury ISD,Hood County,Fort Worth,11,45.4,29.5,807,238,108,463,210,45.4
All students,111902,Lipan ISD,Hood County,Fort Worth,11,,,34,<5,<5,<5,<5,
All students,112901,Sulphur Springs ISD,Hopkins County,Mt Pleasant,08,65.6,12.1,503,61,40,88,53,60.2
All students,113901,Crockett ISD,Houston County,Huntsville,06,,12.7,142,18,<5,33,6,18.2
All students,113905,Latexo ISD,Houston County,Huntsville,06,,14.3,63,9,<5,19,<5,
All students,114901,Big Spring ISD,Howard County,Midland,18,10.5,16.1,471,76,8,79,10,12.7
All students,114902,Coahoma ISD,Howard County,Midland,18,,,115,<5,<5,<5,<5,
All students,116903,Commerce ISD,Hunt County,Richardson,10,29.2,11,219,24,7,36,8,22.2
All students,116905,Greenville ISD,Hunt County,Richardson,10,,2.5,528,13,<5,25,<5,
All students,116906,Lone Oak ISD,Hunt County,Richardson,10,,19.4,124,24,<5,27,<5,
All students,116908,Quinlan ISD,Hunt County,Richardson,10,,11.1,287,32,<5,33,<5,
All students,117901,Borger ISD,Hutchinson County,Amarillo,16,36.2,16.7,347,58,21,104,27,26
All students,118902,Irion County ISD,Irion County,San Angelo,15,,,52,<5,<5,<5,<5,
All students,119902,Jacksboro ISD,Jack County,Wichita Falls,09,,15.1,126,19,<5,19,<5,
All students,119903,Perrin-Whitt CISD,Jack County,Wichita Falls,09,,17.9,56,10,<10,15,7,46.7
All students,120901,Edna ISD,Jackson County,Victoria,03,,4.8,227,11,<5,18,<5,
All students,120905,Industrial ISD,Jackson County,Victoria,03,41.7,8.5,141,12,5,12,5,41.7
All students,121903,Buna ISD,Jasper County,Beaumont,05,50,5.4,224,12,6,13,6,46.2
All students,121904,Jasper ISD,Jasper County,Beaumont,05,54.5,3.4,321,11,6,14,8,57.1
All students,122901,Ft Davis ISD,Jeff Davis County,Midland,18,,,59,<10,<5,<10,<5,
All students,123803,Tekoa Academy Of Accelerated Studi,Jefferson County,Beaumont,05,,18.2,33,6,<5,8,<5,
All students,123905,Nederland ISD,Jefferson County,Beaumont,05,36.7,8.8,681,60,22,73,29,39.7
All students,123907,Port Arthur ISD,Jefferson County,Beaumont,05,,14,973,136,<5,160,<5,
All students,123908,Port Neches-Groves ISD,Jefferson County,Beaumont,05,40,2.2,667,15,6,28,8,28.6
All students,123910,Beaumont ISD,Jefferson County,Beaumont,05,50.3,6.5,2509,163,82,264,135,51.1
All students,123913,Sabine Pass ISD,Jefferson County,Beaumont,05,53.3,25.9,58,15,8,20,8,40
All students,123914,Hamshire-Fannett ISD,Jefferson County,Beaumont,05,16.4,28.3,237,67,11,100,12,12
All students,124901,Jim Hogg County ISD,Jim Hogg County,Edinburg,01,,19.7,132,26,<5,55,<5,
All students,125901,Alice ISD,Jim Wells County,Corpus Christi,02,13.4,30.7,610,187,25,361,36,10
All students,125902,Ben Bolt-Palito Blanco ISD,Jim Wells County,Corpus Christi,02,,,104,<5,<5,<5,<5,
All students,125903,Orange Grove ISD,Jim Wells County,Corpus Christi,02,,3.4,264,9,<5,<15,<5,
All students,126901,Alvarado ISD,Johnson County,Fort Worth,11,,1.9,473,9,<10,15,7,46.7
All students,126902,Burleson ISD,Johnson County,Fort Worth,11,42,28.2,1370,386,162,844,295,35
All students,126903,Cleburne ISD,Johnson County,Fort Worth,11,40.4,13.5,731,99,40,193,69,35.8
All students,126904,Grandview ISD,Johnson County,Fort Worth,11,,3.4,175,6,<10,6,5,83.3
All students,126905,Joshua ISD,Johnson County,Fort Worth,11,72.2,5.8,626,36,26,56,36,64.3
All students,126906,Keene ISD,Johnson County,Fort Worth,11,,,109,<5,<5,<5,<5,
All students,126907,Rio Vista ISD,Johnson County,Fort Worth,11,,,110,<5,<5,<10,<5,
All students,127901,Anson ISD,Jones County,Abilene,14,,,96,<5,<5,<5,<5,
All students,127904,Hawley ISD,Jones County,Abilene,14,,9.8,102,10,<5,11,<5,
All students,128901,Karnes City ISD,Karnes County,Victoria,03,,5.4,130,7,<5,7,<5,
All students,128902,Kenedy ISD,Karnes County,Victoria,03,,,79,<5,<5,<5,<5,
All students,128904,Falls City ISD,Karnes County,San Antonio,20,,,60,<5,<5,<5,<5,
All students,129901,Crandall ISD,Kaufman County,Richardson,10,,2.9,416,12,<10,18,13,72.2
All students,129902,Forney ISD,Kaufman County,Richardson,10,58.8,16.1,1131,182,107,334,175,52.4
All students,129903,Kaufman ISD,Kaufman County,Richardson,10,50,5.5,470,26,13,28,14,50
All students,129905,Mabank ISD,Kaufman County,Richardson,10,31.7,23.2,449,104,33,164,42,25.6
All students,129906,Terrell ISD,Kaufman County,Richardson,10,22,12.8,462,59,13,113,20,17.7
All students,129910,Scurry-Rosser ISD,Kaufman County,Richardson,10,,,132,<10,<5,<10,<5,
All students,130901,Boerne ISD,Kendall County,San Antonio,20,71.9,39.1,1128,441,317,1203,819,68.1
All students,130902,Comfort ISD,Kendall County,Austin,13,,4.5,156,7,<5,8,5,62.5
All students,132902,Jayton-Girard ISD,Kent County,Lubbock,17,,,21,<5,<5,<5,<5,
All students,133903,Kerrville ISD,Kerr County,San Antonio,20,50.6,28.1,641,180,91,347,179,51.6
All students,133904,Ingram ISD,Kerr County,San Antonio,20,68.8,10.7,150,16,11,21,14,66.7
All students,135001,Guthrie CSD,King County,Lubbock,17,,,12,<5,<5,<5,<5,
All students,136901,Brackett ISD,Kinney County,San Antonio,20,,13,92,12,<5,19,6,31.6
All students,137901,Kingsville ISD,Kleberg County,Corpus Christi,02,12.6,24.4,422,103,13,157,20,12.7
All students,137903,Riviera ISD,Kleberg County,Corpus Christi,02,,11.8,110,13,<5,20,<5,
All students,137904,Santa Gertrudis ISD,Kleberg County,Corpus Christi,02,,9.8,112,11,<5,11,<5,
All students,138903,Munday CISD,Knox County,Wichita Falls,09,,,61,<5,<5,<5,<5,
All students,139909,Paris ISD,Lamar County,Mt Pleasant,08,52.9,23,369,85,45,160,69,43.1
All students,139911,North Lamar ISD,Lamar County,Mt Pleasant,08,60.8,12,424,51,31,95,54,56.8
All students,140904,Littlefield ISD,Lamb County,Lubbock,17,20.6,20.9,163,34,7,47,7,14.9
All students,140907,Springlake-Earth ISD,Lamb County,Lubbock,17,,,46,<5,<5,<5,<5,
All students,140908,Sudan ISD,Lamb County,Lubbock,17,,,74,<5,<5,<5,<5,
All students,141901,Lampasas ISD,Lampasas County,Waco,12,59.5,17,464,79,47,144,65,45.1
All students,142901,Cotulla ISD,La Salle County,San Antonio,20,,31.9,116,37,<5,51,<5,
All students,143901,Hallettsville ISD,Lavaca County,Victoria,03,50,9,156,14,7,14,7,50
All students,143902,Moulton ISD,Lavaca County,Victoria,03,,25,32,8,<5,9,<5,
All students,143903,Shiner ISD,Lavaca County,Victoria,03,,,90,<5,<5,6,<5,
All students,144901,Giddings ISD,Lee County,Austin,13,29.8,15.7,300,47,14,64,19,29.7
All students,145901,Buffalo ISD,Leon County,Huntsville,06,,7.7,117,9,<5,9,<5,
All students,145902,Centerville ISD,Leon County,Huntsville,06,,,102,<5,<5,<5,<5,
All students,146901,Cleveland ISD,Liberty County,Houston,04,,,347,<5,<5,<5,<5,
All students,146902,Dayton ISD,Liberty County,Houston,04,41.5,6.2,660,41,17,81,28,34.6
All students,146904,Hardin ISD,Liberty County,Houston,04,,,154,<5,<5,<5,<5,
All students,146905,Hull-Daisetta ISD,Liberty County,Beaumont,05,,17.2,93,16,<5,16,<5,
All students,146906,Liberty ISD,Liberty County,Houston,04,33.3,7.1,253,18,6,30,6,20
All students,146907,Tarkington ISD,Liberty County,Houston,04,,4.9,264,13,<10,21,8,38.1
All students,147902,Groesbeck ISD,Limestone County,Waco,12,,5.4,259,14,<5,14,<5,
All students,147903,Mexia ISD,Limestone County,Waco,12,,5.2,288,15,<5,15,<5,
All students,149901,George West ISD,Live Oak County,Corpus Christi,02,,,170,<5,<5,<5,<5,
All students,150901,Llano ISD,Llano County,Austin,13,33.3,15.3,216,33,11,39,12,30.8
All students,152805,Harmony Science Acad (Lubbock),Lubbock County,Lubbock,17,,38.5,26,10,<5,20,<5,
All students,152901,Lubbock ISD,Lubbock County,Lubbock,17,40.1,32.8,3248,1065,427,2488,856,34.4
All students,152903,Slaton ISD,Lubbock County,Lubbock,17,,12.2,164,20,<5,25,<5,
All students,152906,Lubbock-Cooper ISD,Lubbock County,Lubbock,17,,1.5,482,7,<10,7,<10,
All students,152907,Frenship ISD,Lubbock County,Lubbock,17,40.3,16.8,944,159,64,229,105,45.9
All students,152908,Roosevelt ISD,Lubbock County,Lubbock,17,,,126,<5,<5,<5,<5,
All students,153904,Tahoka ISD,Lynn County,Lubbock,17,,31.1,74,23,<5,23,<5,
All students,154901,Madisonville CISD,Madison County,Huntsville,06,,2.7,300,8,<10,8,6,75
All students,155901,Jefferson ISD,Marion County,Mt Pleasant,08,18.2,19,174,33,6,52,7,13.5
All students,156902,Stanton ISD,Martin County,Midland,18,,26.8,97,26,<5,30,<5,
All students,157901,Mason ISD,Mason County,San Angelo,15,,5.8,104,6,<5,6,<5,
All students,158901,Bay City ISD,Matagorda County,Victoria,03,32.8,13.3,482,64,21,106,33,31.1
All students,158902,Tidehaven ISD,Matagorda County,Victoria,03,,14.1,92,13,<5,13,<5,
All students,158905,Palacios ISD,Matagorda County,Victoria,03,21.7,22.1,208,46,10,98,11,11.2
All students,158906,Van Vleck ISD,Matagorda County,Victoria,03,26.1,17.8,129,23,6,34,9,26.5
All students,159901,Eagle Pass ISD,Maverick County,San Antonio,20,55.1,16.7,1893,316,174,521,262,50.3
All students,161802,Rapoport Academy Public School,McLennan County,Waco,12,,30.9,55,17,<5,18,<10,
All students,161807,Harmony Science Acad (Waco),McLennan County,Waco,12,55.6,56.9,218,124,69,238,103,43.3
All students,161903,Midway ISD,McLennan County,Waco,12,68.3,21.6,1025,221,151,501,317,63.3
All students,161907,Lorena ISD,McLennan County,Waco,12,,7.1,255,18,<15,26,20,76.9
All students,161908,Mart ISD,McLennan County,Waco,12,,8.8,80,7,<5,7,<5,
All students,161909,McGregor ISD,McLennan County,Waco,12,27.3,20,165,33,9,49,9,18.4
All students,161912,Riesel ISD,McLennan County,Waco,12,,,104,<10,<5,<10,<5,
All students,161914,Waco ISD,McLennan County,Waco,12,19.8,11.9,1617,192,38,365,55,15.1
All students,161916,West ISD,McLennan County,Waco,12,,9.3,225,21,<5,22,<5,
All students,161918,Axtell ISD,McLennan County,Waco,12,38.5,11.8,110,13,5,18,8,44.4
All students,161920,China Spring ISD,McLennan County,Waco,12,35.2,14.8,366,54,19,68,26,38.2
All students,161921,Connally ISD,McLennan County,Waco,12,27.7,24.1,270,65,18,108,26,24.1
All students,161922,Robinson ISD,McLennan County,Waco,12,,15.4,332,51,<20,51,<20,
All students,162904,McMullen County ISD,McMullen County,Corpus Christi,02,,,30,<5,<5,<5,<5,
All students,163901,Devine ISD,Medina County,San Antonio,20,,,290,<5,<5,<5,<5,
All students,163902,D'Hanis School,Medina County,San Antonio,20,,,46,<5,<5,7,<5,
All students,163903,Natalia ISD,Medina County,San Antonio,20,,5.5,127,7,<5,7,<5,
All students,163904,Hondo ISD,Medina County,San Antonio,20,57.1,9.5,294,28,16,47,24,51.1
All students,163908,Medina Valley ISD,Medina County,San Antonio,20,31.8,8.3,529,44,14,47,14,29.8
All students,165901,Midland ISD,Midland County,Midland,18,35.3,16.4,2739,448,158,845,265,31.4
All students,165902,Greenwood ISD,Midland County,Midland,18,,2.5,243,6,<5,6,<5,
All students,166901,Cameron ISD,Milam County,Huntsville,06,,4.1,195,8,<5,8,<5,
All students,166904,Rockdale ISD,Milam County,Huntsville,06,,40.2,174,70,<5,123,6,4.9
All students,166905,Thorndale ISD,Milam County,Austin,13,40.7,26.5,102,27,11,48,19,39.6
All students,169901,Bowie ISD,Montague County,Wichita Falls,09,,2.9,206,6,<5,6,<5,
All students,169902,Nocona ISD,Montague County,Wichita Falls,09,,,110,<5,<5,<5,<5,
All students,170902,Conroe ISD,Montgomery County,Huntsville,06,65.7,33.2,7031,2335,1533,6323,3784,59.8
All students,170903,Montgomery ISD,Montgomery County,Huntsville,06,68.2,11.7,942,110,75,240,161,67.1
All students,170904,Willis ISD,Montgomery County,Huntsville,06,35.6,7.6,772,59,21,95,31,32.6
All students,170906,Magnolia ISD,Montgomery County,Huntsville,06,67.3,16.5,1651,272,183,430,278,64.7
All students,170908,New Caney ISD,Montgomery County,Huntsville,06,26.2,21.9,1286,282,74,506,94,18.6
All students,171901,Dumas ISD,Moore County,Amarillo,16,,13.3,549,73,<15,90,12,13.3
All students,172902,Daingerfield-Lone Star ISD,Morris County,Mt Pleasant,08,,5.8,155,9,<5,13,<5,
All students,172905,Pewitt CISD,Morris County,Mt Pleasant,08,,,140,<5,<5,<10,<5,
All students,174902,Cushing ISD,Nacogdoches County,Kilgore,07,,31.5,89,28,<5,42,<5,
All students,174904,Nacogdoches ISD,Nacogdoches County,Kilgore,07,51,12.1,827,100,51,139,66,47.5
All students,175903,Corsicana ISD,Navarro County,Waco,12,24.4,11.2,733,82,20,152,36,23.7
All students,176902,Newton ISD,Newton County,Beaumont,05,,,142,<5,<5,<5,<5,
All students,177902,Sweetwater ISD,Nolan County,Abilene,14,64.3,5.9,236,14,9,14,9,64.3
All students,177903,Blackwell CISD,Nolan County,Abilene,14,,,28,<5,<5,<5,<5,
All students,177905,Highland ISD,Nolan County,Abilene,14,,15.2,33,5,<5,5,<5,
All students,178804,Richard Milburn Alter High School,Nueces County,Corpus Christi,02,,12.3,114,14,<5,14,<5,
All students,178901,Agua Dulce ISD,Nueces County,Corpus Christi,02,,,51,<5,<5,<5,<5,
All students,178902,Bishop CISD,Nueces County,Corpus Christi,02,30,12.2,164,20,6,24,6,25
All students,178903,Calallen ISD,Nueces County,Corpus Christi,02,78.9,15.3,587,90,71,190,133,70
All students,178904,Corpus Christi ISD,Nueces County,Corpus Christi,02,38.5,10.9,4753,520,200,1039,380,36.6
All students,178908,Port Aransas ISD,Nueces County,Corpus Christi,02,,19.5,87,17,<15,21,12,57.1
All students,178909,Robstown ISD,Nueces County,Corpus Christi,02,,12.3,334,41,<5,44,<5,
All students,178912,Tuloso-Midway ISD,Nueces County,Corpus Christi,02,55.2,10.5,554,58,32,78,36,46.2
All students,178913,Banquete ISD,Nueces County,Corpus Christi,02,,22.9,109,25,<5,33,<5,
All students,178914,Flour Bluff ISD,Nueces County,Corpus Christi,02,50,28.1,833,234,117,443,204,46
All students,178915,West Oso ISD,Nueces County,Corpus Christi,02,,8.6,257,22,<10,32,6,18.8
All students,179901,Perryton ISD,Ochiltree County,Amarillo,16,54.1,12.9,287,37,20,63,22,34.9
All students,180902,Vega ISD,Oldham County,Amarillo,16,,,62,<5,<5,<5,<5,
All students,181901,Bridge City ISD,Orange County,Beaumont,05,52.4,5.9,357,21,11,<40,17,
All students,181905,Orangefield ISD,Orange County,Beaumont,05,64.3,5.8,243,14,9,24,<15,
All students,181906,West Orange-Cove CISD,Orange County,Beaumont,05,,24.2,277,67,<5,102,<5,
All students,181907,Vidor ISD,Orange County,Beaumont,05,,,703,<10,<5,6,<5,
All students,181908,Little Cypress-Mauriceville CISD,Orange County,Beaumont,05,53.5,8.4,509,43,23,73,39,53.4
All students,182903,Mineral Wells ISD,Palo Pinto County,Fort Worth,11,29.8,10.6,443,47,14,66,17,25.8
All students,182905,Strawn ISD,Palo Pinto County,Fort Worth,11,,,18,<5,<5,<5,<5,
All students,183901,Beckville ISD,Panola County,Kilgore,07,,,80,<5,<5,<5,<5,
All students,183902,Carthage ISD,Panola County,Kilgore,07,28.1,17.1,333,57,16,75,22,29.3
All students,184902,Springtown ISD,Parker County,Fort Worth,11,,3,431,13,<10,17,7,41.2
All students,184903,Weatherford ISD,Parker County,Fort Worth,11,74.9,16.5,1015,167,125,335,200,59.7
All students,184904,Millsap ISD,Parker County,Fort Worth,11,,26.8,112,30,<5,40,<5,
All students,184907,Aledo ISD,Parker County,Fort Worth,11,65.9,37.9,712,270,178,563,341,60.6
All students,184908,Peaster ISD,Parker County,Fort Worth,11,60,11.1,135,15,9,18,11,61.1
All students,185903,Friona ISD,Parmer County,Amarillo,16,,9.6,166,16,<5,16,<5,
All students,187907,Livingston ISD,Polk County,Huntsville,06,51.9,5.3,508,27,14,43,14,32.6
All students,188901,Amarillo ISD,Potter County,Amarillo,16,44.1,16.9,3830,648,286,1263,508,40.2
All students,188903,Highland Park ISD,Potter County,Amarillo,16,,4.7,107,5,<5,5,<5,
All students,188904,Bushland ISD,Potter County,Amarillo,16,42.9,10.4,202,21,9,24,9,37.5
All students,189902,Presidio ISD,Presidio County,Midland,18,89.6,25.5,188,48,43,71,<50,
All students,191901,Canyon ISD,Randall County,Amarillo,16,55.7,10,1313,131,73,181,97,53.6
All students,192901,Reagan County ISD,Reagan County,Midland,18,,8.5,106,9,<5,12,<5,
All students,193902,Leakey ISD,Real County,San Antonio,20,,32.5,40,13,<5,14,<5,
All students,194902,Avery ISD,Red River County,Mt Pleasant,08,,,64,<15,<5,11,<5,
All students,194903,Rivercrest ISD,Red River County,Mt Pleasant,08,,,95,<5,<5,<5,<5,
All students,194904,Clarksville ISD,Red River County,Mt Pleasant,08,,,92,<5,<5,<5,<5,
All students,194905,Detroit ISD,Red River County,Mt Pleasant,08,,,67,<5,<5,<5,<5,
All students,196903,Refugio ISD,Refugio County,Victoria,03,,11.1,108,12,<5,24,<5,
All students,198903,Franklin ISD,Robertson County,Huntsville,06,,14.7,143,21,<20,33,<25,
All students,198906,Mumford ISD,Robertson County,Huntsville,06,,11.1,72,8,<5,8,<5,
All students,199901,Rockwall ISD,Rockwall County,Richardson,10,69.7,35.3,1985,700,488,1521,963,63.3
All students,199902,Royse City ISD,Rockwall County,Richardson,10,48,15.9,616,98,47,166,61,36.7
All students,200904,Winters ISD,Runnels County,San Angelo,15,,,80,<5,<5,<5,<5,
All students,201902,Henderson ISD,Rusk County,Kilgore,07,36.8,4.9,389,19,7,19,7,36.8
All students,201907,Mount Enterprise ISD,Rusk County,Kilgore,07,,,58,<5,<5,<5,<5,
All students,201908,Overton ISD,Rusk County,Kilgore,07,,21.1,71,15,<5,15,<5,
All students,201910,Tatum ISD,Rusk County,Kilgore,07,,,214,<5,<5,<5,<5,
All students,201913,Carlisle ISD,Rusk County,Kilgore,07,,,78,<5,<5,<5,<5,
All students,204901,Coldspring-Oakhurst CISD,San Jacinto County,Huntsville,06,31.8,18,245,44,14,111,25,22.5
All students,204904,Shepherd ISD,San Jacinto County,Huntsville,06,,5.4,239,13,<10,20,8,40
All students,205901,Aransas Pass ISD,San Patricio County,Corpus Christi,02,,6.2,225,14,<5,15,<5,
All students,205902,Gregory-Portland ISD,San Patricio County,Corpus Christi,02,51.1,14.6,629,92,47,154,65,42.2
All students,205903,Ingleside ISD,San Patricio County,Corpus Christi,02,,,269,<5,<5,<5,<5,
All students,205904,Mathis ISD,San Patricio County,Corpus Christi,02,,21.1,194,41,<5,53,<5,
All students,205906,Sinton ISD,San Patricio County,Corpus Christi,02,,2.1,284,6,<5,6,<5,
All students,205907,Taft ISD,San Patricio County,Corpus Christi,02,,24.5,139,34,<5,44,<5,
All students,206901,San Saba ISD,San Saba County,San Angelo,15,,9.5,105,10,<5,10,<5,
All students,208902,Snyder ISD,Scurry County,Abilene,14,,5,317,16,<5,20,<5,
All students,209901,Albany ISD,Shackelford County,Abilene,14,,9.9,81,8,<5,8,<5,
All students,210903,Shelbyville ISD,Shelby County,Kilgore,07,,20.8,101,21,<5,21,<5,
All students,210905,Timpson ISD,Shelby County,Kilgore,07,,15.3,72,11,<5,11,<5,
All students,211902,Stratford ISD,Sherman County,Amarillo,16,,7,86,6,<5,6,<5,
All students,212902,Bullard ISD,Smith County,Kilgore,07,61.5,9.2,282,26,16,30,18,60
All students,212903,Lindale ISD,Smith County,Kilgore,07,30.6,9,542,49,15,66,18,27.3
All students,212905,Tyler ISD,Smith County,Kilgore,07,47.2,14.1,2000,282,133,607,257,42.3
All students,212906,Whitehouse ISD,Smith County,Kilgore,07,52.8,11.5,628,72,38,112,61,54.5
All students,212909,Chapel Hill ISD,Smith County,Kilgore,07,39.4,7.2,461,33,13,49,16,32.7
All students,212910,Winona ISD,Smith County,Kilgore,07,,,134,<5,<5,<5,<5,
All students,213901,Glen Rose ISD,Somervell County,Fort Worth,11,,6.4,264,17,<20,18,<20,
All students,214901,Rio Grande City CISD,Starr County,Edinburg,01,22.7,,<1410,216,49,319,66,20.7
All students,214903,Roma ISD,Starr County,Edinburg,01,30.6,15.1,799,121,37,212,<60,
All students,215901,Breckenridge ISD,Stephens County,Abilene,14,,,142,<5,<5,<5,<5,
All students,217901,Aspermont ISD,Stonewall County,Abilene,14,,,30,<5,<5,6,<5,
All students,218901,Sonora ISD,Sutton County,San Angelo,15,,12.5,128,16,<5,16,<5,
All students,220809,Fort Worth Academy Of Fine Arts,Tarrant County,Fort Worth,11,51.5,61.3,111,68,35,115,46,40
All students,220810,Westlake Academy Charter School,Tarrant County,Fort Worth,11,78.6,27.7,101,28,22,61,<55,
All students,220813,Harmony Science Acad (Fort Worth),Tarrant County,Fort Worth,11,57.1,57,135,77,44,155,86,55.5
All students,220901,Arlington ISD,Tarrant County,Fort Worth,11,49.6,16.8,7845,1320,655,2812,1231,43.8
All students,220902,Birdville ISD,Tarrant County,Fort Worth,11,54.3,29.7,3160,940,510,2154,944,43.8
All students,220904,Everman ISD,Tarrant County,Fort Worth,11,15.2,25.7,564,145,22,199,22,11.1
All students,220905,Fort Worth ISD,Tarrant County,Fort Worth,11,34.1,23.6,8166,1928,658,3988,1224,30.7
All students,220906,Grapevine-Colleyville ISD,Tarrant County,Fort Worth,11,76.8,47.9,2109,1010,776,2976,2126,71.4
All students,220907,Keller ISD,Tarrant County,Fort Worth,11,70.9,31.4,4487,1410,999,3186,2008,63
All students,220908,Mansfield ISD,Tarrant County,Fort Worth,11,36,32.2,4516,1452,523,2902,912,31.4
All students,220910,Lake Worth ISD,Tarrant County,Fort Worth,11,43.8,9.6,334,32,14,49,14,28.6
All students,220912,Crowley ISD,Tarrant County,Fort Worth,11,44.7,14.9,1951,291,130,564,252,44.7
All students,220914,Kennedale ISD,Tarrant County,Fort Worth,11,78.6,9.3,454,42,33,52,39,75
All students,220915,Azle ISD,Tarrant County,Fort Worth,11,42.6,11.6,811,94,40,164,56,34.1
All students,220916,Hurst-Euless-Bedford ISD,Tarrant County,Fort Worth,11,62.7,21.2,3052,646,405,1018,590,58
All students,220917,Castleberry ISD,Tarrant County,Fort Worth,11,23.4,16.9,378,64,15,92,17,18.5
All students,220918,Eagle Mt-Saginaw ISD,Tarrant County,Fort Worth,11,49.5,26.5,2148,570,282,1190,471,39.6
All students,220919,Carroll ISD,Tarrant County,Fort Worth,11,90.6,42.7,1226,524,475,1345,1161,86.3
All students,220920,White Settlement ISD,Tarrant County,Fort Worth,11,36.1,18.5,779,144,52,257,83,32.3
All students,221801,Texas College Preparatory Academie,Taylor County,Abilene,14,65.5,4.1,702,29,19,56,29,51.8
All students,221901,Abilene ISD,Taylor County,Abilene,14,45.3,28.3,1946,550,249,1272,491,38.6
All students,221904,Merkel ISD,Taylor County,Abilene,14,40,12.7,158,20,8,33,11,33.3
All students,221911,Jim Ned CISD,Taylor County,Abilene,14,63.4,26.5,155,41,26,57,38,66.7
All students,221912,Wylie ISD,Taylor County,Abilene,14,82.1,13.4,418,56,46,65,52,80
All students,222901,Terrell County ISD,Terrell County,Midland,18,,,12,<5,<5,<5,<5,
All students,223902,Meadow ISD,Terry County,Lubbock,17,,17.6,34,6,<5,6,<5,
All students,225902,Mount Pleasant ISD,Titus County,Mt Pleasant,08,24.4,12.9,635,82,20,133,23,17.3
All students,225906,Chapel Hill ISD,Titus County,Mt Pleasant,08,54.5,20.1,164,33,18,41,19,46.3
All students,226903,San Angelo ISD,Tom Green County,San Angelo,15,62.1,13.5,1737,235,146,505,307,60.8
All students,226907,Grape Creek ISD,Tom Green County,San Angelo,15,,19.4,144,28,<5,41,<5,
All students,226908,Veribest ISD,Tom Green County,San Angelo,15,,,27,<5,<5,<5,<5,
All students,227804,Nyos Charter School,Travis County,Austin,13,66.7,41.2,51,21,14,41,29,70.7
All students,227814,Chaparral Star Academy,Travis County,Austin,13,44.4,61.4,44,27,12,41,<20,
All students,227816,Harmony Science Academy (Austin),Travis County,Austin,13,47.7,59.1,149,88,42,182,75,41.2
All students,227820,Kipp Austin Public Schools Inc,Travis County,Austin,13,46.5,76.8,168,129,60,279,74,26.5
All students,227901,Austin ISD,Travis County,Austin,13,58,32.4,9258,3004,1743,6244,3318,53.1
All students,227904,Pflugerville ISD,Travis County,Austin,13,50.7,27.9,3268,913,463,2063,927,44.9
All students,227907,Manor ISD,Travis County,Austin,13,13.8,21.4,813,174,24,283,27,9.5
All students,227909,Eanes ISD,Travis County,Austin,13,85.2,60.2,1300,782,666,2527,2020,79.9
All students,227910,Del Valle ISD,Travis County,Austin,13,23.6,32.6,1066,348,82,600,111,18.5
All students,227912,Lago Vista ISD,Travis County,Austin,13,62.3,30.8,198,61,38,123,80,65
All students,227913,Lake Travis ISD,Travis County,Austin,13,80.6,40.9,1071,438,353,988,714,72.3
All students,228903,Trinity ISD,Trinity County,Huntsville,06,,4.3,138,6,<5,6,<5,
All students,229901,Colmesneil ISD,Tyler County,Beaumont,05,,14.3,77,11,<5,11,<5,
All students,229903,Woodville ISD,Tyler County,Beaumont,05,,14.7,150,22,<5,22,<5,
All students,230901,Big Sandy ISD,Upshur County,Kilgore,07,,,97,<5,<5,<5,<5,
All students,230902,Gilmer ISD,Upshur County,Kilgore,07,30.6,20.5,303,62,19,82,25,30.5
All students,230905,Harmony ISD,Upshur County,Kilgore,07,56.3,8.8,181,16,9,16,9,56.3
All students,230906,New Diana ISD,Upshur County,Kilgore,07,,,133,<5,<5,<5,<5,
All students,230908,Union Grove ISD,Upshur County,Kilgore,07,,,102,<5,<5,<5,<5,
All students,231902,Rankin ISD,Upton County,Midland,18,,20.7,29,6,<5,6,<5,
All students,232902,Sabinal ISD,Uvalde County,San Antonio,20,,30.8,65,20,<5,21,<5,
All students,232903,Uvalde CISD,Uvalde County,San Antonio,20,6.9,23.7,548,130,9,161,12,7.5
All students,233901,San Felipe-Del Rio CISD,Val Verde County,San Angelo,15,22.7,20.6,1280,264,60,479,80,16.7
All students,234902,Canton ISD,Van Zandt County,Richardson,10,43.6,19.7,279,55,24,74,31,41.9
All students,234905,Martins Mill ISD,Van Zandt County,Kilgore,07,,,70,<5,<5,5,<5,
All students,234906,Van ISD,Van Zandt County,Kilgore,07,,3.4,293,10,<10,10,7,70
All students,234907,Wills Point ISD,Van Zandt County,Richardson,10,38.7,8.4,370,31,12,44,14,31.8
All students,235902,Victoria ISD,Victoria County,Victoria,03,22.8,19.6,1679,329,75,699,124,17.7
All students,236901,New Waverly ISD,Walker County,Huntsville,06,,,116,<10,<5,<10,<5,
All students,236902,Huntsville ISD,Walker County,Huntsville,06,57.8,7.6,847,64,37,95,51,53.7
All students,237902,Hempstead ISD,Waller County,Houston,04,,4.1,169,7,<10,8,5,62.5
All students,237904,Waller ISD,Waller County,Houston,04,47.4,10.7,710,76,36,132,49,37.1
All students,237905,Royal ISD,Waller County,Houston,04,,4.5,224,10,<10,21,8,38.1
All students,239901,Brenham ISD,Washington County,Huntsville,06,65.8,12,658,79,52,118,71,60.2
All students,239903,Burton ISD,Washington County,Huntsville,06,,,55,<5,<5,<5,<5,
All students,240801,Gateway Academy Charter District,Webb County,Edinburg,01,42.3,7.9,328,26,11,26,11,42.3
All students,240901,Laredo ISD,Webb County,Edinburg,01,24.8,26.2,2402,630,156,1016,163,16
All students,240903,United ISD,Webb County,Edinburg,01,42.9,15.6,5775,902,387,1750,499,28.5
All students,240904,Webb CISD,Webb County,Edinburg,01,,,65,<5,<5,<5,<5,
All students,241901,Boling ISD,Wharton County,Victoria,03,,11.8,127,15,<5,30,<5,
All students,241903,El Campo ISD,Wharton County,Victoria,03,33.3,10.1,417,42,14,47,16,34
All students,241906,Louise ISD,Wharton County,Victoria,03,,,72,<5,<5,<5,<5,
All students,243901,Burkburnett ISD,Wichita County,Wichita Falls,09,43.4,33.3,408,136,59,299,120,40.1
All students,243905,Wichita Falls ISD,Wichita County,Wichita Falls,09,46.3,25.1,1800,451,209,1332,444,33.3
All students,243906,City View ISD,Wichita County,Wichita Falls,09,,29.5,105,31,<5,61,5,8.2
All students,244905,Northside ISD,Wilbarger County,Wichita Falls,09,,,30,<5,<5,<5,<5,
All students,245902,Lyford CISD,Willacy County,Edinburg,01,10.4,30.9,217,67,7,119,8,6.7
All students,245903,Raymondville ISD,Willacy County,Edinburg,01,,28.6,262,75,<5,176,<5,
All students,245904,San Perlita ISD,Willacy County,Edinburg,01,,,36,<5,<5,<5,<5,
All students,246902,Florence ISD,Williamson County,Austin,13,,,156,<5,<5,<5,<5,
All students,246904,Georgetown ISD,Williamson County,Austin,13,74.3,16.6,1476,245,182,454,298,65.6
All students,246906,Hutto ISD,Williamson County,Austin,13,46.6,15.4,669,103,48,200,83,41.5
All students,246907,Jarrell ISD,Williamson County,Austin,13,37.5,18.9,127,24,9,39,12,30.8
All students,246908,Liberty Hill ISD,Williamson County,Austin,13,68.2,22.6,390,88,60,130,85,65.4
All students,246909,Round Rock ISD,Williamson County,Austin,13,79,33.1,6092,2014,1592,5054,3826,75.7
All students,246911,Taylor ISD,Williamson County,Austin,13,42.3,6.3,411,26,11,43,18,41.9
All students,246912,Thrall ISD,Williamson County,Austin,13,,,85,<5,<5,<5,<5,
All students,246913,Leander ISD,Williamson County,Austin,13,67.3,38.4,4333,1664,1120,3643,2347,64.4
All students,247901,Floresville ISD,Wilson County,San Antonio,20,27.8,19,567,108,30,149,38,25.5
All students,247903,La Vernia ISD,Wilson County,San Antonio,20,41.7,11.1,433,48,20,58,27,46.6
All students,247904,Poth ISD,Wilson County,San Antonio,20,,,115,<15,<5,<15,<5,
All students,247906,Stockdale ISD,Wilson County,San Antonio,20,46.4,25.2,111,28,13,35,17,48.6
All students,248901,Kermit ISD,Winkler County,Midland,18,,7.1,156,11,<5,11,<5,
All students,248902,Wink-Loving ISD,Winkler County,Midland,18,,10.9,46,5,<5,5,<5,
All students,249902,Boyd ISD,Wise County,Fort Worth,11,,,176,<5,<5,<5,<5,
All students,249903,Bridgeport ISD,Wise County,Fort Worth,11,45.7,13.5,259,35,16,65,27,41.5
All students,249905,Decatur ISD,Wise County,Fort Worth,11,54,11.8,425,50,27,100,48,48
All students,249906,Paradise ISD,Wise County,Fort Worth,11,,3.1,159,5,<5,5,<5,
All students,250902,Hawkins ISD,Wood County,Kilgore,07,,,113,<5,<5,<5,<5,
All students,250904,Quitman ISD,Wood County,Kilgore,07,12.8,20.5,190,39,5,55,9,16.4
All students,250906,Alba-Golden ISD,Wood County,Kilgore,07,,12.7,118,15,<5,16,<5,
All students,251901,Denver City ISD,Yoakum County,Lubbock,17,,,197,<10,<5,<10,<5,
All students,252901,Graham ISD,Young County,Wichita Falls,09,42.9,10.4,336,35,15,59,28,47.5
All students,252903,Olney ISD,Young County,Wichita Falls,09,,,87,<5,<5,<5,<5,
All students,253901,Zapata County ISD,Zapata County,Edinburg,01,,,449,<50,13,66,14,21.2
All students,254901,Crystal City ISD,Zavala County,San Antonio,20,,3.4,236,8,<5,8,<5,
