DistName,RegnName,AP-11&12 Participating Students,AP-Total Exams,AP-Passed(%),AP-Exams Taken Per Student,Year
LYTLE ISD,San Antonio,44.0,54.0,13.0,1.227272727,2011
GREENVILLE ISD,Richardson,109.0,193.0,12.4,1.770642202,2011
BURLESON ISD,Fort Worth,174.0,366.0,55.7,2.103448276,2011
CLEBURNE ISD,Fort Worth,94.0,120.0,35.8,1.276595745,2011
JOSHUA ISD,Fort Worth,56.0,97.0,66.0,1.732142857,2011
CRANDALL ISD,Richardson,66.0,96.0,7.3,1.454545455,2011
FORNEY ISD,Richardson,149.0,334.0,34.7,2.2416107380000003,2011
KAUFMAN ISD,Richardson,66.0,125.0,27.2,1.893939394,2011
GRANBURY ISD,Fort Worth,203.0,358.0,49.4,1.763546798,2011
MABANK ISD,Richardson,81.0,94.0,31.9,1.160493827,2011
BOERNE ISD,San Antonio,427.0,1183.0,60.6,2.770491803,2011
KERRVILLE ISD,San Antonio,153.0,275.0,57.8,1.797385621,2011
INGRAM ISD,San Antonio,43.0,61.0,37.7,1.418604651,2011
GIDDINGS ISD,Austin,36.0,60.0,38.3,1.666666667,2011
DAYTON ISD,Houston,64.0,122.0,29.5,1.90625,2011
LIBERTY ISD,Houston,29.0,71.0,28.2,2.448275862,2011
TERRELL ISD,Richardson,70.0,106.0,11.3,1.514285714,2011
TARKINGTON ISD,Houston,29.0,53.0,41.5,1.827586207,2011
WIMBERLEY ISD,Austin,89.0,173.0,57.8,1.943820225,2011
HUFFMAN ISD,Houston,104.0,183.0,35.5,1.759615385,2011
CHANNELVIEW ISD,Houston,159.0,278.0,41.4,1.748427673,2011
CROSBY ISD,Houston,104.0,206.0,40.8,1.980769231,2011
CYPRESS-FAIRBANKS ISD,Houston,2735.0,6181.0,60.4,2.259963437,2011
DEER PARK ISD,Houston,240.0,445.0,45.6,1.854166667,2011
GALENA PARK ISD,Houston,267.0,537.0,55.1,2.011235955,2011
HOUSTON ISD,Houston,6786.0,14971.0,33.6,2.206159741,2011
DRIPPING SPRINGS ISD,Austin,234.0,579.0,69.9,2.4743589740000003,2011
HUMBLE ISD,Houston,978.0,1989.0,58.1,2.033742331,2011
KLEIN ISD,Houston,1119.0,2304.0,57.9,2.058981233,2011
LA PORTE ISD,Houston,186.0,345.0,36.5,1.85483871,2011
PASADENA ISD,Houston,1356.0,2811.0,29.8,2.07300885,2011
SPRING ISD,Houston,613.0,1232.0,23.8,2.009787928,2011
SPRING BRANCH ISD,Houston,1275.0,3315.0,65.6,2.6,2011
TOMBALL ISD,Houston,372.0,736.0,61.4,1.978494624,2011
SHELDON ISD,Houston,82.0,145.0,22.1,1.768292683,2011
KATY ISD,Houston,2423.0,6522.0,78.0,2.691704499,2011
EAGLE PASS ISD,San Antonio,236.0,392.0,42.6,1.661016949,2011
WEATHERFORD ISD,Fort Worth,297.0,560.0,50.5,1.885521886,2011
ALEDO ISD,Fort Worth,243.0,520.0,62.9,2.139917695,2011
EANES ISD,Austin,802.0,2600.0,76.5,3.241895262,2011
DEL VALLE ISD,Austin,334.0,602.0,24.4,1.80239521,2011
LAGO VISTA ISD,Austin,55.0,104.0,52.9,1.890909091,2011
LAKE TRAVIS ISD,Austin,348.0,714.0,73.0,2.051724138,2011
CANTON ISD,Richardson,65.0,104.0,42.3,1.6,2011
WALLER ISD,Houston,140.0,276.0,17.4,1.971428571,2011
GEORGETOWN ISD,Austin,261.0,528.0,61.2,2.022988506,2011
MANOR ISD,Austin,191.0,313.0,4.2,1.638743455,2011
HUTTO ISD,Austin,163.0,332.0,34.3,2.036809816,2011
ROUND ROCK ISD,Austin,2019.0,4843.0,70.0,2.398712234,2011
TAYLOR ISD,Austin,54.0,94.0,38.3,1.740740741,2011
LEANDER ISD,Austin,1284.0,2802.0,59.4,2.182242991,2011
FLORESVILLE ISD,San Antonio,114.0,155.0,13.5,1.359649123,2011
LA VERNIA ISD,San Antonio,52.0,72.0,63.9,1.384615385,2011
BRIDGEPORT ISD,Fort Worth,37.0,67.0,34.3,1.810810811,2011
DECATUR ISD,Fort Worth,47.0,91.0,59.3,1.936170213,2011
LIBERTY HILL ISD,Austin,86.0,117.0,65.8,1.360465116,2011
PFLUGERVILLE ISD,Austin,813.0,1927.0,50.3,2.370233702,2011
AUSTIN ISD,Austin,3188.0,6933.0,49.1,2.174717691,2011
WHITE SETTLEMENT ISD,Fort Worth,75.0,128.0,39.1,1.706666667,2011
ROCKWALL ISD,Richardson,781.0,1691.0,54.0,2.165172855,2011
ROYSE CITY ISD,Richardson,143.0,280.0,32.9,1.958041958,2011
ARLINGTON ISD,Fort Worth,1229.0,2662.0,43.3,2.165988609,2011
BIRDVILLE ISD,Fort Worth,909.0,2219.0,39.8,2.441144114,2011
EVERMAN ISD,Fort Worth,126.0,192.0,6.3,1.523809524,2011
FORT WORTH ISD,Fort Worth,2052.0,4734.0,27.1,2.3070175440000003,2011
GRAPEVINE-COLLEYVILLE ISD,Fort Worth,1142.0,3338.0,65.6,2.922942207,2011
KELLER ISD,Fort Worth,1074.0,2472.0,59.4,2.301675978,2011
MANSFIELD ISD,Fort Worth,1312.0,2445.0,25.9,1.863567073,2011
LAKE WORTH ISD,Fort Worth,50.0,99.0,21.2,1.98,2011
CROWLEY ISD,Fort Worth,283.0,586.0,48.8,2.070671378,2011
KENNEDALE ISD,Fort Worth,51.0,82.0,47.6,1.607843137,2011
AZLE ISD,Fort Worth,73.0,129.0,46.5,1.767123288,2011
HURST-EULESS-BEDFORD ISD,Fort Worth,619.0,1105.0,58.8,1.785137318,2011
CASTLEBERRY ISD,Fort Worth,94.0,184.0,16.3,1.957446809,2011
EAGLE MT-SAGINAW ISD,Fort Worth,432.0,1052.0,42.0,2.435185185,2011
CARROLL ISD,Fort Worth,491.0,1240.0,83.9,2.525458248,2011
ALIEF ISD,Houston,1410.0,2791.0,21.8,1.979432624,2011
ALDINE ISD,Houston,1399.0,2582.0,15.9,1.845604003,2011
CLEVELAND ISD,Houston,32.0,53.0,15.1,1.65625,2011
SCHERTZ-CIBOLO-U CITY ISD,Austin,483.0,953.0,40.0,1.973084886,2011
ANGLETON ISD,Houston,101.0,198.0,39.4,1.96039604,2011
BRAZOSPORT ISD,Houston,240.0,508.0,58.1,2.116666667,2011
PEARLAND ISD,Houston,637.0,1572.0,56.0,2.467817896,2011
MARBLE FALLS ISD,Austin,101.0,195.0,34.9,1.930693069,2011
LOCKHART ISD,Austin,70.0,107.0,43.0,1.528571429,2011
BARBERS HILL ISD,Houston,86.0,142.0,60.6,1.651162791,2011
ALVIN ISD,Houston,399.0,943.0,40.1,2.363408521,2011
ALLEN ISD,Richardson,837.0,1796.0,60.1,2.145758662,2011
FRISCO ISD,Richardson,1252.0,2973.0,70.3,2.374600639,2011
MCKINNEY ISD,Richardson,1298.0,3154.0,60.9,2.429892142,2011
PLANO ISD,Richardson,3200.0,8471.0,75.5,2.6471875,2011
PRINCETON ISD,Richardson,37.0,58.0,43.1,1.567567568,2011
PROSPER ISD,Richardson,213.0,412.0,55.3,1.9342723,2011
WYLIE ISD,Richardson,278.0,527.0,55.8,1.895683453,2011
LOVEJOY ISD,Richardson,303.0,706.0,51.6,2.330033003,2011
CELINA ISD,Richardson,85.0,152.0,31.6,1.788235294,2011
SOUTHSIDE ISD,San Antonio,131.0,187.0,19.3,1.427480916,2011
JUDSON ISD,San Antonio,361.0,673.0,37.3,1.864265928,2011
NORTHSIDE ISD,San Antonio,3967.0,8705.0,34.9,2.194353416,2011
PLEASANTON ISD,San Antonio,118.0,187.0,13.9,1.584745763,2011
BANDERA ISD,San Antonio,124.0,263.0,19.0,2.120967742,2011
NAVARRO ISD,Austin,40.0,60.0,43.3,1.5,2011
ELGIN ISD,Austin,45.0,74.0,54.1,1.644444444,2011
SMITHVILLE ISD,Austin,32.0,59.0,20.3,1.84375,2011
ALAMO HEIGHTS ISD,San Antonio,336.0,739.0,66.4,2.199404762,2011
HARLANDALE ISD,San Antonio,311.0,425.0,13.2,1.366559486,2011
EDGEWOOD ISD,San Antonio,289.0,433.0,6.5,1.498269896,2011
RANDOLPH FIELD ISD,San Antonio,90.0,145.0,56.6,1.611111111,2011
SAN ANTONIO ISD,San Antonio,1501.0,2816.0,6.8,1.876082612,2011
SOUTH SAN ANTONIO ISD,San Antonio,74.0,119.0,25.2,1.608108108,2011
SOMERSET ISD,San Antonio,48.0,64.0,14.1,1.333333333,2011
NORTH EAST ISD,San Antonio,2969.0,7517.0,46.5,2.531828899,2011
EAST CENTRAL ISD,San Antonio,150.0,315.0,28.6,2.1,2011
SOUTHWEST ISD,San Antonio,95.0,100.0,12.0,1.052631579,2011
LACKLAND ISD,San Antonio,30.0,68.0,48.5,2.266666667,2011
FT SAM HOUSTON ISD,San Antonio,54.0,84.0,39.3,1.5555555559999998,2011
NEW BRAUNFELS ISD,Austin,250.0,745.0,62.3,2.98,2011
COMAL ISD,Austin,583.0,1235.0,47.1,2.118353345,2011
BASTROP ISD,Austin,247.0,506.0,33.6,2.048582996,2011
CARROLLTON-FARMERS BRANCH ISD,Richardson,939.0,1871.0,53.3,1.992545261,2011
MIDLOTHIAN ISD,Richardson,222.0,454.0,37.2,2.045045045,2011
RED OAK ISD,Richardson,99.0,209.0,41.6,2.111111111,2011
WAXAHACHIE ISD,Richardson,116.0,191.0,48.7,1.646551724,2011
LA GRANGE ISD,Austin,39.0,57.0,73.7,1.4615384619999998,2011
FORT BEND ISD,Houston,2612.0,7116.0,69.5,2.7243491580000003,2011
DICKINSON ISD,Houston,70.0,142.0,28.9,2.028571429,2011
GALVESTON ISD,Houston,185.0,400.0,29.8,2.162162162,2011
TEXAS CITY ISD,Houston,60.0,85.0,22.4,1.416666667,2011
SANTA FE ISD,Houston,84.0,125.0,22.4,1.488095238,2011
CLEAR CREEK ISD,Houston,1504.0,3264.0,70.3,2.170212766,2011
FRIENDSWOOD ISD,Houston,319.0,825.0,73.7,2.586206897,2011
FREDERICKSBURG ISD,Austin,121.0,252.0,58.7,2.082644628,2011
GONZALES ISD,Austin,34.0,51.0,9.8,1.5,2011
DENISON ISD,Richardson,123.0,289.0,49.5,2.349593496,2011
SEGUIN ISD,Austin,139.0,181.0,21.0,1.302158273,2011
LINDSAY ISD,Fort Worth,37.0,51.0,35.3,1.378378378,2011
ENNIS ISD,Richardson,114.0,214.0,37.4,1.877192982,2011
LITTLE ELM ISD,Fort Worth,182.0,428.0,28.7,2.351648352,2011
SHERMAN ISD,Richardson,159.0,347.0,47.6,2.182389937,2011
NORTHWEST ISD,Fort Worth,434.0,974.0,53.0,2.244239631,2011
LAKE DALLAS ISD,Fort Worth,75.0,116.0,49.1,1.5466666669999998,2011
DALLAS ISD,Richardson,5619.0,13532.0,21.5,2.408257697,2011
DESOTO ISD,Richardson,241.0,426.0,9.6,1.767634855,2011
DUNCANVILLE ISD,Richardson,116.0,235.0,57.0,2.025862069,2011
GARLAND ISD,Richardson,1637.0,3448.0,41.6,2.106291998,2011
GRAND PRAIRIE ISD,Richardson,554.0,1044.0,32.5,1.884476534,2011
HIGHLAND PARK ISD,Richardson,772.0,2387.0,68.1,3.091968912,2011
IRVING ISD,Richardson,957.0,1837.0,27.3,1.91954023,2011
CEDAR HILL ISD,Richardson,64.0,122.0,26.2,1.90625,2011
MESQUITE ISD,Richardson,645.0,1253.0,35.1,1.942635659,2011
RICHARDSON ISD,Richardson,1634.0,3871.0,55.7,2.369033048,2011
COPPELL ISD,Richardson,539.0,1062.0,71.1,1.970315399,2011
DENTON ISD,Fort Worth,725.0,1557.0,39.8,2.147586207,2011
LEWISVILLE ISD,Fort Worth,1951.0,4325.0,72.1,2.216811891,2011
KRUM ISD,Fort Worth,33.0,66.0,48.5,2.0,2011
LANCASTER ISD,Richardson,138.0,200.0,4.5,1.4492753619999998,2011
ARGYLE ISD,Fort Worth,94.0,215.0,72.6,2.287234043,2011
BURLESON ISD,Fort Worth,281.0,579.0,48.0,2.060498221,2012
CLEBURNE ISD,Fort Worth,113.0,166.0,31.9,1.469026549,2012
JOSHUA ISD,Fort Worth,42.0,73.0,63.0,1.738095238,2012
CRANDALL ISD,Richardson,74.0,144.0,10.4,1.945945946,2012
FORNEY ISD,Richardson,179.0,336.0,47.9,1.877094972,2012
MABANK ISD,Richardson,105.0,156.0,25.0,1.485714286,2012
BOERNE ISD,San Antonio,445.0,1139.0,66.9,2.559550562,2012
KERRVILLE ISD,San Antonio,132.0,288.0,62.2,2.181818182,2012
DAYTON ISD,Houston,38.0,66.0,40.9,1.736842105,2012
LIBERTY ISD,Houston,36.0,60.0,31.7,1.666666667,2012
TARKINGTON ISD,Houston,28.0,59.0,47.5,2.107142857,2012
GREENVILLE ISD,Richardson,45.0,60.0,30.0,1.333333333,2012
MINERAL WELLS ISD,Fort Worth,30.0,52.0,51.9,1.733333333,2012
TERRELL ISD,Richardson,70.0,113.0,12.4,1.614285714,2012
EAGLE PASS ISD,San Antonio,300.0,480.0,45.8,1.6,2012
PASADENA ISD,Houston,1304.0,2816.0,31.1,2.159509202,2012
WIMBERLEY ISD,Austin,85.0,130.0,52.3,1.529411765,2012
CYPRESS-FAIRBANKS ISD,Houston,2427.0,5342.0,65.9,2.201071281,2012
WEATHERFORD ISD,Fort Worth,217.0,441.0,49.4,2.032258065,2012
DEER PARK ISD,Houston,219.0,417.0,53.7,1.904109589,2012
GALENA PARK ISD,Houston,305.0,554.0,59.0,1.816393443,2012
HOUSTON ISD,Houston,7600.0,16479.0,32.6,2.1682894740000003,2012
HUMBLE ISD,Houston,1261.0,2494.0,55.7,1.9777954,2012
GRANBURY ISD,Fort Worth,226.0,410.0,50.2,1.814159292,2012
KATY ISD,Houston,2625.0,6978.0,76.9,2.658285714,2012
LA PORTE ISD,Houston,151.0,293.0,41.0,1.940397351,2012
SPRING ISD,Houston,590.0,1160.0,25.7,1.966101695,2012
SPRING BRANCH ISD,Houston,1444.0,3718.0,64.0,2.574792244,2012
TOMBALL ISD,Houston,376.0,704.0,58.1,1.872340426,2012
SHELDON ISD,Houston,84.0,120.0,14.2,1.428571429,2012
HUFFMAN ISD,Houston,74.0,138.0,40.6,1.864864865,2012
DRIPPING SPRINGS ISD,Austin,265.0,618.0,73.6,2.332075472,2012
KLEIN ISD,Houston,1034.0,2138.0,59.4,2.067698259,2012
ALEDO ISD,Fort Worth,254.0,533.0,67.7,2.098425197,2012
PFLUGERVILLE ISD,Austin,902.0,2026.0,47.1,2.246119734,2012
ROYSE CITY ISD,Richardson,127.0,271.0,28.8,2.133858268,2012
LAGO VISTA ISD,Austin,55.0,122.0,60.7,2.218181818,2012
LAKE TRAVIS ISD,Austin,360.0,752.0,78.5,2.088888889,2012
CANTON ISD,Richardson,52.0,78.0,55.1,1.5,2012
WALLER ISD,Houston,102.0,231.0,25.1,2.264705882,2012
GEORGETOWN ISD,Austin,237.0,503.0,64.6,2.1223628690000003,2012
HUTTO ISD,Austin,123.0,242.0,45.9,1.967479675,2012
LIBERTY HILL ISD,Austin,75.0,110.0,63.6,1.466666667,2012
ROUND ROCK ISD,Austin,2003.0,4977.0,73.3,2.484772841,2012
TAYLOR ISD,Austin,38.0,78.0,46.2,2.0526315790000003,2012
LEANDER ISD,Austin,1434.0,2953.0,62.1,2.059274756,2012
FLORESVILLE ISD,San Antonio,89.0,126.0,23.0,1.4157303369999998,2012
LA VERNIA ISD,San Antonio,56.0,69.0,55.1,1.232142857,2012
BRIDGEPORT ISD,Fort Worth,30.0,61.0,54.1,2.0333333330000003,2012
DECATUR ISD,Fort Worth,37.0,87.0,72.4,2.351351351,2012
CROSBY ISD,Houston,101.0,184.0,37.5,1.821782178,2012
DEL VALLE ISD,Austin,307.0,534.0,27.0,1.739413681,2012
EANES ISD,Austin,768.0,2485.0,77.1,3.235677083,2012
MANOR ISD,Austin,118.0,162.0,11.7,1.372881356,2012
AUSTIN ISD,Austin,2980.0,6346.0,53.9,2.129530201,2012
ARLINGTON ISD,Fort Worth,1242.0,2584.0,43.4,2.080515298,2012
BIRDVILLE ISD,Fort Worth,944.0,2147.0,47.6,2.274364407,2012
FORT WORTH ISD,Fort Worth,1786.0,3935.0,33.9,2.20324748,2012
GRAPEVINE-COLLEYVILLE ISD,Fort Worth,1080.0,3093.0,69.7,2.863888889,2012
KELLER ISD,Fort Worth,1178.0,2734.0,63.1,2.320882852,2012
MANSFIELD ISD,Fort Worth,1437.0,2571.0,30.1,1.78914405,2012
ROCKWALL ISD,Richardson,733.0,1567.0,58.1,2.137789905,2012
LAKE WORTH ISD,Fort Worth,53.0,79.0,22.8,1.490566038,2012
KENNEDALE ISD,Fort Worth,38.0,51.0,62.7,1.342105263,2012
AZLE ISD,Fort Worth,82.0,132.0,40.2,1.609756098,2012
HURST-EULESS-BEDFORD ISD,Fort Worth,670.0,1095.0,54.1,1.634328358,2012
CASTLEBERRY ISD,Fort Worth,86.0,154.0,12.3,1.790697674,2012
EAGLE MT-SAGINAW ISD,Fort Worth,531.0,1141.0,41.4,2.148775895,2012
CARROLL ISD,Fort Worth,526.0,1362.0,84.1,2.589353612,2012
WHITE SETTLEMENT ISD,Fort Worth,120.0,206.0,28.6,1.716666667,2012
CROWLEY ISD,Fort Worth,290.0,528.0,46.2,1.820689655,2012
CHANNELVIEW ISD,Houston,257.0,478.0,25.9,1.859922179,2012
GIDDINGS ISD,Austin,50.0,76.0,27.6,1.52,2012
ALDINE ISD,Houston,1359.0,2344.0,18.8,1.724797645,2012
BRAZOSPORT ISD,Houston,211.0,434.0,66.4,2.0568720380000003,2012
PEARLAND ISD,Houston,689.0,1701.0,59.3,2.468795356,2012
MARBLE FALLS ISD,Austin,87.0,164.0,37.8,1.885057471,2012
LOCKHART ISD,Austin,111.0,183.0,39.3,1.648648649,2012
BARBERS HILL ISD,Houston,70.0,103.0,50.5,1.471428571,2012
ALLEN ISD,Richardson,864.0,2005.0,65.9,2.320601852,2012
CELINA ISD,Richardson,82.0,138.0,59.4,1.682926829,2012
FRISCO ISD,Richardson,1440.0,3356.0,71.6,2.330555556,2012
MCKINNEY ISD,Richardson,1478.0,3832.0,62.8,2.592692828,2012
PLANO ISD,Richardson,3157.0,8627.0,79.8,2.732657586,2012
PROSPER ISD,Richardson,264.0,547.0,63.8,2.071969697,2012
WYLIE ISD,Richardson,312.0,619.0,58.0,1.983974359,2012
LOVEJOY ISD,Richardson,345.0,921.0,60.9,2.669565217,2012
NEW BRAUNFELS ISD,Austin,285.0,792.0,54.8,2.7789473680000003,2012
ANGLETON ISD,Houston,95.0,164.0,36.0,1.726315789,2012
ALVIN ISD,Houston,424.0,970.0,48.9,2.287735849,2012
BLANCO ISD,Austin,33.0,55.0,47.3,1.666666667,2012
SOUTHSIDE ISD,San Antonio,111.0,193.0,25.4,1.738738739,2012
PLEASANTON ISD,San Antonio,58.0,89.0,20.2,1.534482759,2012
ALIEF ISD,Houston,1564.0,3182.0,18.8,2.034526854,2012
BASTROP ISD,Austin,112.0,221.0,59.3,1.973214286,2012
ALAMO HEIGHTS ISD,San Antonio,355.0,836.0,66.3,2.354929577,2012
HARLANDALE ISD,San Antonio,315.0,464.0,11.4,1.473015873,2012
EDGEWOOD ISD,San Antonio,240.0,422.0,8.8,1.7583333330000002,2012
RANDOLPH FIELD ISD,San Antonio,69.0,131.0,55.7,1.898550725,2012
COMAL ISD,Austin,662.0,1399.0,41.9,2.113293051,2012
SAN ANTONIO ISD,San Antonio,1478.0,2726.0,10.2,1.844384303,2012
NORTH EAST ISD,San Antonio,3106.0,7875.0,47.5,2.535415325,2012
EAST CENTRAL ISD,San Antonio,202.0,334.0,30.8,1.6534653469999998,2012
SOUTHWEST ISD,San Antonio,83.0,83.0,12.0,1.0,2012
LACKLAND ISD,San Antonio,32.0,59.0,57.6,1.84375,2012
FT SAM HOUSTON ISD,San Antonio,59.0,115.0,40.0,1.949152542,2012
NORTHSIDE ISD,San Antonio,3958.0,8592.0,36.4,2.17079333,2012
JUDSON ISD,San Antonio,308.0,541.0,39.7,1.756493506,2012
SOUTH SAN ANTONIO ISD,San Antonio,71.0,113.0,15.9,1.591549296,2012
CARROLLTON-FARMERS BRANCH ISD,Richardson,937.0,1988.0,52.6,2.121664888,2012
BANDERA ISD,San Antonio,54.0,87.0,36.8,1.611111111,2012
DALLAS ISD,Richardson,5569.0,12825.0,24.6,2.302926917,2012
WAXAHACHIE ISD,Richardson,99.0,175.0,40.0,1.767676768,2012
LA GRANGE ISD,Austin,58.0,83.0,63.9,1.431034483,2012
FORT BEND ISD,Houston,2607.0,6951.0,73.9,2.666283084,2012
DICKINSON ISD,Houston,87.0,141.0,22.7,1.620689655,2012
GALVESTON ISD,Houston,215.0,468.0,33.5,2.176744186,2012
TEXAS CITY ISD,Houston,33.0,59.0,25.4,1.7878787880000002,2012
RED OAK ISD,Richardson,110.0,198.0,46.5,1.8,2012
SANTA FE ISD,Houston,79.0,106.0,36.8,1.341772152,2012
FRIENDSWOOD ISD,Houston,321.0,744.0,81.7,2.317757009,2012
FREDERICKSBURG ISD,Austin,103.0,193.0,61.7,1.873786408,2012
DENISON ISD,Richardson,119.0,291.0,53.3,2.445378151,2012
SHERMAN ISD,Richardson,167.0,363.0,51.8,2.173652695,2012
SEGUIN ISD,Austin,176.0,218.0,18.8,1.238636364,2012
NAVARRO ISD,Austin,44.0,66.0,50.0,1.5,2012
CEDAR HILL ISD,Richardson,63.0,109.0,20.2,1.73015873,2012
CLEAR CREEK ISD,Houston,1532.0,3264.0,70.9,2.1305483030000003,2012
MIDLOTHIAN ISD,Richardson,216.0,420.0,44.0,1.944444444,2012
SCHERTZ-CIBOLO-U CITY ISD,San Antonio,578.0,1154.0,38.2,1.996539792,2012
LITTLE ELM ISD,Fort Worth,165.0,390.0,28.2,2.363636364,2012
ENNIS ISD,Richardson,139.0,229.0,37.6,1.6474820140000002,2012
DESOTO ISD,Richardson,200.0,357.0,13.4,1.785,2012
GARLAND ISD,Richardson,1549.0,3196.0,40.2,2.063266624,2012
GRAND PRAIRIE ISD,Richardson,707.0,1345.0,27.3,1.902404526,2012
HIGHLAND PARK ISD,Richardson,764.0,2368.0,66.3,3.09947644,2012
IRVING ISD,Richardson,1037.0,2103.0,28.1,2.027965284,2012
LANCASTER ISD,Richardson,127.0,213.0,4.2,1.677165354,2012
DUNCANVILLE ISD,Richardson,136.0,301.0,58.8,2.213235294,2012
RICHARDSON ISD,Richardson,1588.0,3773.0,60.9,2.375944584,2012
COPPELL ISD,Richardson,623.0,1326.0,73.2,2.128410915,2012
DENTON ISD,Fort Worth,565.0,1269.0,48.0,2.2460176990000003,2012
LEWISVILLE ISD,Fort Worth,2014.0,4392.0,72.4,2.180734856,2012
ARGYLE ISD,Fort Worth,89.0,202.0,62.4,2.269662921,2012
NORTHWEST ISD,Fort Worth,617.0,1444.0,44.3,2.340356564,2012
MESQUITE ISD,Richardson,746.0,1399.0,39.1,1.875335121,2012
LAKE DALLAS ISD,Fort Worth,72.0,106.0,52.8,1.472222222,2012
HUFFMAN ISD,Houston,48.0,84.0,50.0,1.75,2013
DRIPPING SPRINGS ISD,Austin,225.0,498.0,76.1,2.213333333,2013
WIMBERLEY ISD,Austin,78.0,113.0,69.9,1.448717949,2013
GRANBURY ISD,Fort Worth,238.0,463.0,45.4,1.945378151,2013
BURLESON ISD,Fort Worth,386.0,844.0,35.0,2.186528497,2013
CLEBURNE ISD,Fort Worth,99.0,193.0,35.8,1.949494949,2013
TERRELL ISD,Richardson,59.0,113.0,17.7,1.915254237,2013
FORNEY ISD,Richardson,182.0,334.0,52.4,1.835164835,2013
MABANK ISD,Richardson,104.0,164.0,25.6,1.5769230769999998,2013
BOERNE ISD,San Antonio,441.0,1203.0,68.1,2.727891156,2013
KERRVILLE ISD,San Antonio,180.0,347.0,51.6,1.927777778,2013
GIDDINGS ISD,Austin,47.0,64.0,29.7,1.361702128,2013
DAYTON ISD,Houston,41.0,81.0,34.6,1.975609756,2013
JOSHUA ISD,Fort Worth,36.0,56.0,64.3,1.5555555559999998,2013
SHELDON ISD,Houston,72.0,118.0,11.0,1.638888889,2013
HUMBLE ISD,Houston,1215.0,2566.0,56.2,2.111934156,2013
SPRING BRANCH ISD,Houston,1559.0,4145.0,58.7,2.6587556130000003,2013
SCHERTZ-CIBOLO-U CITY ISD,San Antonio,631.0,1465.0,40.9,2.321711569,2013
EAGLE PASS ISD,San Antonio,316.0,521.0,50.3,1.648734177,2013
ALDINE ISD,Houston,1240.0,2191.0,17.9,1.766935484,2013
ALIEF ISD,Houston,1232.0,2164.0,28.1,1.756493506,2013
CHANNELVIEW ISD,Houston,288.0,616.0,21.6,2.138888889,2013
CROSBY ISD,Houston,84.0,170.0,43.5,2.023809524,2013
CYPRESS-FAIRBANKS ISD,Houston,2620.0,5896.0,64.2,2.250381679,2013
DEER PARK ISD,Houston,328.0,516.0,42.8,1.573170732,2013
GALENA PARK ISD,Houston,327.0,648.0,57.9,1.981651376,2013
HOUSTON ISD,Houston,7560.0,16403.0,34.9,2.169708995,2013
KATY ISD,Houston,2811.0,7635.0,74.3,2.716115261,2013
KLEIN ISD,Houston,1055.0,2110.0,57.7,2.0,2013
LA PORTE ISD,Houston,151.0,312.0,43.6,2.066225166,2013
PASADENA ISD,Houston,1289.0,2990.0,33.4,2.319627618,2013
SPRING ISD,Houston,583.0,1084.0,26.5,1.859348199,2013
TOMBALL ISD,Houston,425.0,906.0,57.3,2.131764706,2013
MINERAL WELLS ISD,Fort Worth,47.0,66.0,25.8,1.404255319,2013
WHITE SETTLEMENT ISD,Fort Worth,144.0,257.0,32.3,1.784722222,2013
ALEDO ISD,Fort Worth,270.0,563.0,60.6,2.085185185,2013
EANES ISD,Austin,782.0,2527.0,79.9,3.2314578010000004,2013
DEL VALLE ISD,Austin,348.0,600.0,18.5,1.724137931,2013
LAGO VISTA ISD,Austin,61.0,123.0,65.0,2.016393443,2013
LAKE TRAVIS ISD,Austin,438.0,988.0,72.3,2.255707763,2013
CANTON ISD,Richardson,55.0,74.0,41.9,1.345454545,2013
WALLER ISD,Houston,76.0,132.0,37.1,1.736842105,2013
GEORGETOWN ISD,Austin,245.0,454.0,65.6,1.853061224,2013
HUTTO ISD,Austin,103.0,200.0,41.5,1.941747573,2013
LIBERTY HILL ISD,Austin,88.0,130.0,65.4,1.477272727,2013
ROUND ROCK ISD,Austin,2014.0,5054.0,75.7,2.509433962,2013
LEANDER ISD,Austin,1664.0,3643.0,64.4,2.189302885,2013
FLORESVILLE ISD,San Antonio,108.0,149.0,25.5,1.37962963,2013
LA VERNIA ISD,San Antonio,48.0,58.0,46.6,1.208333333,2013
BRIDGEPORT ISD,Fort Worth,35.0,65.0,41.5,1.857142857,2013
DECATUR ISD,Fort Worth,50.0,100.0,48.0,2.0,2013
MANOR ISD,Austin,174.0,283.0,9.5,1.626436782,2013
WEATHERFORD ISD,Fort Worth,167.0,335.0,59.7,2.005988024,2013
PFLUGERVILLE ISD,Austin,913.0,2063.0,44.9,2.25958379,2013
CARROLL ISD,Fort Worth,524.0,1345.0,86.3,2.5667938930000003,2013
ROCKWALL ISD,Richardson,700.0,1521.0,63.3,2.1728571430000003,2013
ROYSE CITY ISD,Richardson,98.0,166.0,36.7,1.693877551,2013
ARLINGTON ISD,Fort Worth,1320.0,2812.0,43.8,2.13030303,2013
BIRDVILLE ISD,Fort Worth,940.0,2154.0,43.8,2.291489362,2013
EVERMAN ISD,Fort Worth,145.0,199.0,11.1,1.3724137930000002,2013
FORT WORTH ISD,Fort Worth,1928.0,3988.0,30.7,2.06846473,2013
GRAPEVINE-COLLEYVILLE ISD,Fort Worth,1010.0,2976.0,71.4,2.946534653,2013
KELLER ISD,Fort Worth,1410.0,3186.0,63.0,2.2595744680000003,2013
MANSFIELD ISD,Fort Worth,1452.0,2902.0,31.4,1.99862259,2013
CROWLEY ISD,Fort Worth,291.0,564.0,44.7,1.93814433,2013
KENNEDALE ISD,Fort Worth,42.0,52.0,75.0,1.238095238,2013
AZLE ISD,Fort Worth,94.0,164.0,34.1,1.744680851,2013
HURST-EULESS-BEDFORD ISD,Fort Worth,646.0,1018.0,58.0,1.5758513930000002,2013
CASTLEBERRY ISD,Fort Worth,64.0,92.0,18.5,1.4375,2013
EAGLE MT-SAGINAW ISD,Fort Worth,570.0,1190.0,39.6,2.087719298,2013
AUSTIN ISD,Austin,3004.0,6244.0,53.1,2.078561917,2013
SHERMAN ISD,Richardson,156.0,368.0,58.2,2.358974359,2013
SEGUIN ISD,Austin,228.0,375.0,15.2,1.644736842,2013
GONZALES ISD,Austin,42.0,63.0,23.8,1.5,2013
BLANCO ISD,Austin,37.0,68.0,57.4,1.837837838,2013
ALVIN ISD,Houston,398.0,848.0,48.1,2.130653266,2013
ANGLETON ISD,Houston,116.0,218.0,34.4,1.879310345,2013
BRAZOSPORT ISD,Houston,191.0,356.0,65.2,1.863874346,2013
PEARLAND ISD,Houston,849.0,2338.0,55.7,2.753828033,2013
MARBLE FALLS ISD,Austin,108.0,202.0,34.7,1.87037037,2013
SOUTHSIDE ISD,San Antonio,132.0,192.0,29.2,1.454545455,2013
LOCKHART ISD,Austin,89.0,188.0,40.4,2.112359551,2013
BARBERS HILL ISD,Houston,91.0,158.0,48.7,1.736263736,2013
ALLEN ISD,Richardson,763.0,1783.0,72.4,2.336828309,2013
CELINA ISD,Richardson,74.0,128.0,54.7,1.72972973,2013
FRISCO ISD,Richardson,1659.0,4070.0,71.9,2.453285112,2013
MCKINNEY ISD,Richardson,1498.0,3807.0,64.4,2.541388518,2013
PLANO ISD,Richardson,3303.0,9556.0,79.7,2.89312746,2013
ANAHUAC ISD,Houston,48.0,72.0,9.7,1.5,2013
JUDSON ISD,San Antonio,247.0,467.0,41.3,1.890688259,2013
FT SAM HOUSTON ISD,San Antonio,74.0,146.0,25.3,1.972972973,2013
LACKLAND ISD,San Antonio,35.0,76.0,35.5,2.171428571,2013
DENISON ISD,Richardson,101.0,268.0,50.0,2.653465347,2013
PLEASANTON ISD,San Antonio,66.0,98.0,27.6,1.484848485,2013
BANDERA ISD,San Antonio,47.0,85.0,34.1,1.808510638,2013
BASTROP ISD,Austin,126.0,263.0,51.0,2.087301587,2013
ELGIN ISD,Austin,130.0,233.0,24.0,1.7923076919999998,2013
ALAMO HEIGHTS ISD,San Antonio,328.0,753.0,69.2,2.295731707,2013
HARLANDALE ISD,San Antonio,275.0,421.0,13.5,1.5309090909999998,2013
EDGEWOOD ISD,San Antonio,303.0,520.0,6.3,1.716171617,2013
SAN ANTONIO ISD,San Antonio,1331.0,2483.0,10.4,1.865514651,2013
SOUTH SAN ANTONIO ISD,San Antonio,68.0,99.0,8.1,1.455882353,2013
SOMERSET ISD,San Antonio,44.0,52.0,11.5,1.181818182,2013
NORTH EAST ISD,San Antonio,3257.0,8352.0,48.8,2.564322997,2013
EAST CENTRAL ISD,San Antonio,225.0,434.0,29.0,1.928888889,2013
SOUTHWEST ISD,San Antonio,112.0,157.0,26.8,1.401785714,2013
PROSPER ISD,Richardson,281.0,584.0,62.2,2.078291815,2013
WYLIE ISD,Richardson,336.0,656.0,58.5,1.952380952,2013
NORTHSIDE ISD,San Antonio,4078.0,8932.0,38.7,2.190289358,2013
NEW BRAUNFELS ISD,Austin,274.0,751.0,57.4,2.740875912,2013
LITTLE ELM ISD,Fort Worth,177.0,410.0,38.5,2.316384181,2013
ENNIS ISD,Richardson,151.0,282.0,36.2,1.867549669,2013
MIDLOTHIAN ISD,Richardson,200.0,456.0,48.0,2.28,2013
RED OAK ISD,Richardson,107.0,208.0,51.4,1.943925234,2013
WAXAHACHIE ISD,Richardson,161.0,278.0,30.6,1.726708075,2013
FORT BEND ISD,Houston,2650.0,7254.0,71.9,2.737358491,2013
DICKINSON ISD,Houston,123.0,238.0,21.8,1.93495935,2013
GALVESTON ISD,Houston,200.0,390.0,35.1,1.95,2013
TEXAS CITY ISD,Houston,57.0,73.0,28.8,1.280701754,2013
SANTA FE ISD,Houston,38.0,59.0,45.8,1.552631579,2013
CLEAR CREEK ISD,Houston,1634.0,3633.0,67.4,2.223378213,2013
FRIENDSWOOD ISD,Houston,346.0,874.0,73.9,2.526011561,2013
LOVEJOY ISD,Richardson,395.0,1134.0,60.0,2.870886076,2013
FREDERICKSBURG ISD,Austin,103.0,223.0,59.2,2.165048544,2013
LAKE DALLAS ISD,Fort Worth,75.0,111.0,43.2,1.48,2013
NORTHWEST ISD,Fort Worth,725.0,1783.0,46.6,2.459310345,2013
LA GRANGE ISD,Austin,74.0,103.0,61.2,1.391891892,2013
ARGYLE ISD,Fort Worth,83.0,190.0,69.5,2.289156627,2013
COMAL ISD,Austin,696.0,1603.0,44.6,2.30316092,2013
DALLAS ISD,Richardson,5515.0,13727.0,24.3,2.489029918,2013
DESOTO ISD,Richardson,115.0,189.0,12.2,1.643478261,2013
DUNCANVILLE ISD,Richardson,120.0,235.0,58.7,1.958333333,2013
GARLAND ISD,Richardson,1347.0,2746.0,44.6,2.038604306,2013
GRAND PRAIRIE ISD,Richardson,852.0,1528.0,24.1,1.79342723,2013
IRVING ISD,Richardson,1059.0,2129.0,27.4,2.0103871580000003,2013
CARROLLTON-FARMERS BRANCH ISD,Richardson,1026.0,2162.0,47.9,2.107212476,2013
MESQUITE ISD,Richardson,822.0,1601.0,39.7,1.947688564,2013
RICHARDSON ISD,Richardson,1607.0,3824.0,61.6,2.379589297,2013
COPPELL ISD,Richardson,715.0,1686.0,69.4,2.3580419580000003,2013
DENTON ISD,Fort Worth,607.0,1272.0,48.0,2.095551895,2013
LEWISVILLE ISD,Fort Worth,2136.0,4763.0,71.4,2.229868914,2013
KRUM ISD,Fort Worth,39.0,56.0,46.4,1.435897436,2013
LANCASTER ISD,Richardson,196.0,316.0,4.4,1.612244898,2013
DRIPPING SPRINGS ISD,Austin,208.0,466.0,78.3,2.240384615,2014
WIMBERLEY ISD,Austin,107.0,175.0,68.0,1.6355140190000002,2014
GRANBURY ISD,Fort Worth,188.0,378.0,43.7,2.010638298,2014
BURLESON ISD,Fort Worth,491.0,1083.0,39.1,2.205702648,2014
CLEBURNE ISD,Fort Worth,165.0,340.0,34.1,2.060606061,2014
CRANDALL ISD,Richardson,81.0,124.0,27.4,1.5308641980000002,2014
FORNEY ISD,Richardson,190.0,352.0,52.3,1.852631579,2014
MABANK ISD,Richardson,84.0,120.0,42.5,1.428571429,2014
DAYTON ISD,Houston,47.0,75.0,25.3,1.595744681,2014
KERRVILLE ISD,San Antonio,207.0,454.0,55.3,2.193236715,2014
GIDDINGS ISD,Austin,47.0,60.0,30.0,1.276595745,2014
LLANO ISD,Austin,95.0,171.0,8.8,1.8,2014
EAGLE PASS ISD,San Antonio,263.0,407.0,56.3,1.547528517,2014
HONDO ISD,San Antonio,32.0,59.0,40.7,1.84375,2014
MINERAL WELLS ISD,Fort Worth,33.0,51.0,49.0,1.545454545,2014
THORNDALE ISD,Austin,26.0,53.0,32.1,2.038461538,2014
BOERNE ISD,San Antonio,453.0,1155.0,66.4,2.549668874,2014
HUFFMAN ISD,Houston,69.0,108.0,43.5,1.565217391,2014
SCHERTZ-CIBOLO-U CITY ISD,San Antonio,677.0,1365.0,39.6,2.016248154,2014
TOMBALL ISD,Houston,510.0,1170.0,55.5,2.294117647,2014
WEATHERFORD ISD,Fort Worth,194.0,399.0,61.9,2.056701031,2014
SEGUIN ISD,Austin,186.0,313.0,26.2,1.682795699,2014
ALDINE ISD,Houston,1545.0,2722.0,16.9,1.7618122980000002,2014
ALIEF ISD,Houston,1113.0,2132.0,33.3,1.915543576,2014
CHANNELVIEW ISD,Houston,320.0,608.0,19.2,1.9,2014
CROSBY ISD,Houston,65.0,126.0,49.2,1.938461538,2014
CYPRESS-FAIRBANKS ISD,Houston,2738.0,5907.0,64.0,2.157414171,2014
SHELDON ISD,Houston,81.0,138.0,19.6,1.703703704,2014
DEER PARK ISD,Houston,268.0,522.0,47.9,1.947761194,2014
HUMBLE ISD,Houston,1326.0,2520.0,59.2,1.900452489,2014
KATY ISD,Houston,2781.0,7698.0,79.5,2.76806904,2014
KLEIN ISD,Houston,1012.5,2211.0,58.6,2.183703704,2014
LA PORTE ISD,Houston,210.0,443.0,29.6,2.10952381,2014
PASADENA ISD,Houston,1501.0,3649.0,32.4,2.431045969,2014
SPRING ISD,Houston,671.0,1318.0,18.5,1.964232489,2014
SPRING BRANCH ISD,Houston,1538.0,4098.0,57.9,2.66449935,2014
HOUSTON ISD,Houston,7428.0,16085.0,34.9,2.165455035,2014
ALEDO ISD,Fort Worth,296.0,632.0,67.9,2.135135135,2014
LA VERNIA ISD,San Antonio,81.0,95.0,45.3,1.172839506,2014
ROYSE CITY ISD,Richardson,99.0,173.0,39.9,1.7474747469999998,2014
DEL VALLE ISD,Austin,379.0,658.0,28.3,1.736147757,2014
LAGO VISTA ISD,Austin,54.0,130.0,56.9,2.407407407,2014
LAKE TRAVIS ISD,Austin,487.0,1036.0,71.9,2.127310062,2014
CANTON ISD,Richardson,53.0,72.0,47.2,1.358490566,2014
WALLER ISD,Houston,70.0,123.0,31.7,1.7571428569999998,2014
ROYAL ISD,Houston,41.0,76.0,22.4,1.853658537,2014
GEORGETOWN ISD,Austin,292.0,534.0,64.0,1.828767123,2014
EANES ISD,Austin,836.0,2699.0,78.5,3.2284689,2014
HUTTO ISD,Austin,122.0,261.0,29.5,2.139344262,2014
ROUND ROCK ISD,Austin,2091.0,5301.0,77.5,2.535150646,2014
TAYLOR ISD,Austin,38.0,66.0,53.0,1.736842105,2014
LEANDER ISD,Austin,1597.5,3960.0,66.8,2.478873239,2014
FLORESVILLE ISD,San Antonio,105.0,148.0,23.0,1.40952381,2014
BRIDGEPORT ISD,Fort Worth,44.0,71.0,38.0,1.613636364,2014
DECATUR ISD,Fort Worth,67.0,124.0,42.7,1.850746269,2014
POTTSBORO ISD,Richardson,38.0,60.0,60.0,1.578947368,2014
LIBERTY HILL ISD,Austin,101.0,140.0,63.6,1.386138614,2014
ROCKWALL ISD,Richardson,723.0,1668.0,64.8,2.307053942,2014
MANOR ISD,Austin,251.0,368.0,5.7,1.466135458,2014
AUSTIN ISD,Austin,2767.5,6749.0,54.6,2.438663053,2014
ARLINGTON ISD,Fort Worth,1493.0,3126.0,46.3,2.093770931,2014
BIRDVILLE ISD,Fort Worth,971.0,2258.0,49.0,2.325437693,2014
EVERMAN ISD,Fort Worth,176.0,277.0,11.9,1.573863636,2014
FORT WORTH ISD,Fort Worth,2362.5,5757.0,28.2,2.436825397,2014
GRAPEVINE-COLLEYVILLE ISD,Fort Worth,1081.0,3066.0,65.9,2.83626272,2014
KELLER ISD,Fort Worth,1574.0,3717.0,62.8,2.361499365,2014
MANSFIELD ISD,Fort Worth,1355.0,2667.0,34.8,1.968265683,2014
PFLUGERVILLE ISD,Austin,917.0,2137.0,43.3,2.3304252999999995,2014
LAKE WORTH ISD,Fort Worth,45.0,83.0,14.5,1.844444444,2014
KENNEDALE ISD,Fort Worth,43.0,63.0,60.3,1.465116279,2014
AZLE ISD,Fort Worth,118.0,211.0,36.0,1.788135593,2014
HURST-EULESS-BEDFORD ISD,Fort Worth,719.0,1211.0,52.9,1.684283727,2014
CASTLEBERRY ISD,Fort Worth,71.0,114.0,14.9,1.605633803,2014
EAGLE MT-SAGINAW ISD,Fort Worth,603.0,1219.0,46.2,2.021558872,2014
CARROLL ISD,Fort Worth,633.0,1709.0,83.7,2.699842022,2014
WHITE SETTLEMENT ISD,Fort Worth,136.0,262.0,42.0,1.926470588,2014
CROWLEY ISD,Fort Worth,524.0,1029.0,30.5,1.963740458,2014
WHITESBORO ISD,Richardson,38.0,51.0,37.3,1.342105263,2014
GALENA PARK ISD,Houston,349.0,657.0,48.7,1.88252149,2014
DENISON ISD,Richardson,117.0,269.0,44.6,2.299145299,2014
ALVIN ISD,Houston,447.0,985.0,49.8,2.203579418,2014
ANGLETON ISD,Houston,154.0,289.0,36.3,1.876623377,2014
BRAZOSPORT ISD,Houston,186.0,382.0,68.8,2.053763441,2014
PEARLAND ISD,Houston,925.0,2663.0,58.9,2.878918919,2014
MARBLE FALLS ISD,Austin,78.0,136.0,50.0,1.743589744,2014
LOCKHART ISD,Austin,155.0,294.0,26.9,1.896774194,2014
ANAHUAC ISD,Houston,67.5,90.0,3.1,1.333333333,2014
SOUTHSIDE ISD,San Antonio,90.0,144.0,27.8,1.6,2014
BARBERS HILL ISD,Houston,156.0,269.0,55.4,1.724358974,2014
CELINA ISD,Richardson,77.0,107.0,46.7,1.38961039,2014
FRISCO ISD,Richardson,1907.0,4665.0,74.5,2.446250655,2014
MCKINNEY ISD,Richardson,1588.0,4026.0,60.3,2.5352644840000003,2014
MELISSA ISD,Richardson,58.0,62.0,25.8,1.068965517,2014
PLANO ISD,Richardson,3574.0,9939.0,80.2,2.780917739,2014
PROSPER ISD,Richardson,292.0,595.0,64.0,2.037671233,2014
WYLIE ISD,Richardson,405.0,779.0,51.5,1.92345679,2014
ALLEN ISD,Richardson,850.0,2113.0,79.6,2.485882353,2014
COMMUNITY ISD,Richardson,35.0,61.0,14.8,1.7428571430000002,2014
JUDSON ISD,San Antonio,240.0,382.5,38.5,1.59375,2014
FT SAM HOUSTON ISD,San Antonio,85.0,160.0,29.4,1.882352941,2014
LYTLE ISD,San Antonio,41.0,54.0,29.6,1.317073171,2014
PLEASANTON ISD,San Antonio,91.0,143.0,12.6,1.571428571,2014
BANDERA ISD,San Antonio,30.0,52.0,50.0,1.733333333,2014
BASTROP ISD,Austin,135.0,270.0,43.7,2.0,2014
ELGIN ISD,Austin,159.0,317.0,20.5,1.993710692,2014
ALAMO HEIGHTS ISD,San Antonio,292.0,668.0,74.0,2.287671233,2014
HARLANDALE ISD,San Antonio,409.0,671.0,9.2,1.640586797,2014
NORTHSIDE ISD,San Antonio,4402.0,9964.0,39.4,2.263516583,2014
EDGEWOOD ISD,San Antonio,360.0,789.0,7.0,2.191666667,2014
SAN ANTONIO ISD,San Antonio,1371.0,2295.0,9.7,1.6739606130000002,2014
SOUTH SAN ANTONIO ISD,San Antonio,143.0,230.0,16.5,1.608391608,2014
SOMERSET ISD,San Antonio,99.0,175.0,4.0,1.767676768,2014
NORTH EAST ISD,San Antonio,3362.0,8781.0,50.6,2.611838192,2014
EAST CENTRAL ISD,San Antonio,321.0,619.0,21.8,1.92834891,2014
SOUTHWEST ISD,San Antonio,233.0,348.0,20.4,1.493562232,2014
LACKLAND ISD,San Antonio,38.0,85.0,40.0,2.236842105,2014
RANDOLPH FIELD ISD,San Antonio,75.0,129.0,54.3,1.72,2014
LOVEJOY ISD,Richardson,341.0,935.0,72.5,2.741935484,2014
BLANCO ISD,Austin,29.0,51.0,56.9,1.75862069,2014
COMAL ISD,Austin,867.0,1965.0,43.6,2.266435986,2014
ENNIS ISD,Richardson,142.0,272.0,37.1,1.915492958,2014
MIDLOTHIAN ISD,Richardson,206.0,438.0,58.2,2.126213592,2014
RED OAK ISD,Richardson,101.0,219.0,56.2,2.168316832,2014
WAXAHACHIE ISD,Richardson,173.0,336.0,31.8,1.942196532,2014
STEPHENVILLE ISD,Fort Worth,59.0,76.0,69.7,1.288135593,2014
LA GRANGE ISD,Austin,60.0,98.0,60.2,1.6333333330000002,2014
FORT BEND ISD,Houston,3042.0,7605.0,72.4,2.5,2014
LITTLE ELM ISD,Fort Worth,140.0,322.0,44.7,2.3,2014
SHERMAN ISD,Richardson,171.0,444.0,61.5,2.596491228,2014
GALVESTON ISD,Houston,162.0,291.0,38.1,1.796296296,2014
TEXAS CITY ISD,Houston,83.0,101.0,18.8,1.21686747,2014
SANTA FE ISD,Houston,36.0,57.0,38.6,1.583333333,2014
CLEAR CREEK ISD,Houston,1695.0,3831.0,72.3,2.260176991,2014
FRIENDSWOOD ISD,Houston,311.0,843.0,81.1,2.710610932,2014
NEW BRAUNFELS ISD,Austin,284.0,775.0,45.9,2.728873239,2014
DICKINSON ISD,Houston,221.0,428.0,27.1,1.936651584,2014
LAKE DALLAS ISD,Fort Worth,67.0,87.0,54.0,1.298507463,2014
FREDERICKSBURG ISD,Austin,105.0,236.0,54.7,2.247619048,2014
ARGYLE ISD,Fort Worth,116.0,245.0,72.7,2.112068966,2014
NORTHWEST ISD,Fort Worth,796.0,1940.0,43.7,2.43718593,2014
CEDAR HILL ISD,Richardson,38.0,61.0,21.3,1.605263158,2014
DALLAS ISD,Richardson,6030.0,17013.0,25.0,2.821393035,2014
DESOTO ISD,Richardson,101.0,175.0,20.0,1.7326732669999998,2014
DUNCANVILLE ISD,Richardson,111.0,187.0,54.0,1.684684685,2014
GARLAND ISD,Richardson,1462.5,3308.0,41.1,2.261880342,2014
GRAND PRAIRIE ISD,Richardson,936.0,1793.0,22.3,1.915598291,2014
HIGHLAND PARK ISD,Richardson,817.0,2504.0,72.8,3.0648714810000004,2014
CARROLLTON-FARMERS BRANCH ISD,Richardson,995.0,2234.0,49.0,2.245226131,2014
LANCASTER ISD,Richardson,186.0,347.0,3.5,1.865591398,2014
MESQUITE ISD,Richardson,1041.0,1962.0,40.8,1.884726225,2014
RICHARDSON ISD,Richardson,1715.0,4075.0,61.3,2.376093294,2014
COPPELL ISD,Richardson,675.0,1737.0,64.5,2.5733333330000003,2014
DENTON ISD,Fort Worth,690.0,1493.0,47.2,2.163768116,2014
LEWISVILLE ISD,Fort Worth,2126.0,4832.0,75.4,2.272812794,2014
KRUM ISD,Fort Worth,37.0,59.0,39.0,1.594594595,2014
IRVING ISD,Richardson,1239.0,2484.0,27.5,2.004842615,2014
WIMBERLEY ISD,Austin,100.0,167.0,71.9,1.67,2015
GRANBURY ISD,Fort Worth,161.0,306.0,38.2,1.900621118,2015
BURLESON ISD,Fort Worth,535.0,1188.0,36.4,2.220560748,2015
CLEBURNE ISD,Fort Worth,165.0,367.0,37.1,2.2242424240000003,2015
JOSHUA ISD,Fort Worth,40.0,57.0,59.6,1.425,2015
CRANDALL ISD,Richardson,119.0,234.0,27.4,1.966386555,2015
THORNDALE ISD,Austin,28.0,56.0,14.3,2.0,2015
FORNEY ISD,Richardson,279.0,615.0,36.3,2.204301075,2015
KERRVILLE ISD,San Antonio,199.0,525.0,51.4,2.638190955,2015
MABANK ISD,Richardson,100.0,205.0,28.8,2.05,2015
BOERNE ISD,San Antonio,500.0,1323.0,57.3,2.6460000000000004,2015
GIDDINGS ISD,Austin,96.0,132.0,30.3,1.375,2015
DAYTON ISD,Houston,64.0,106.0,21.7,1.65625,2015
LLANO ISD,Austin,73.0,142.0,21.1,1.945205479,2015
EAGLE PASS ISD,San Antonio,306.0,533.0,46.9,1.741830065,2015
DRIPPING SPRINGS ISD,Austin,194.0,400.0,77.0,2.06185567,2015
KAUFMAN ISD,Richardson,43.0,66.0,31.8,1.534883721,2015
HUFFMAN ISD,Houston,84.0,151.0,53.6,1.797619048,2015
HUMBLE ISD,Houston,1324.0,2911.0,57.1,2.198640483,2015
TOMBALL ISD,Houston,514.0,1147.0,64.7,2.23151751,2015
MINERAL WELLS ISD,Fort Worth,40.0,63.0,27.0,1.575,2015
NAVARRO ISD,Austin,48.0,55.0,47.3,1.145833333,2015
ALDINE ISD,Houston,1736.0,3082.5,14.4,1.775633641,2015
ALIEF ISD,Houston,1128.0,2122.0,28.3,1.881205674,2015
CHANNELVIEW ISD,Houston,276.0,539.0,23.4,1.952898551,2015
CROSBY ISD,Houston,95.0,182.0,28.0,1.915789474,2015
CYPRESS-FAIRBANKS ISD,Houston,3243.0,7100.0,60.8,2.189330866,2015
SHELDON ISD,Houston,160.0,288.0,8.7,1.8,2015
DEER PARK ISD,Houston,400.0,895.0,33.9,2.2375,2015
HOUSTON ISD,Houston,8052.0,18153.0,33.6,2.254470939,2015
KATY ISD,Houston,3122.0,8872.0,75.4,2.841768097,2015
KLEIN ISD,Houston,1241.0,2696.0,55.3,2.172441579,2015
LA PORTE ISD,Houston,199.0,447.0,30.9,2.246231156,2015
PASADENA ISD,Houston,1635.0,4482.0,30.7,2.741284404,2015
SPRING ISD,Houston,726.0,1249.0,13.4,1.720385675,2015
SPRING BRANCH ISD,Houston,1694.0,3712.5,56.9,2.191558442,2015
GALENA PARK ISD,Houston,386.0,700.0,55.3,1.813471503,2015
WEATHERFORD ISD,Fort Worth,170.0,403.0,56.1,2.370588235,2015
DECATUR ISD,Fort Worth,82.0,158.0,41.8,1.926829268,2015
ROCKWALL ISD,Richardson,742.5,1814.0,60.6,2.443097643,2015
EANES ISD,Austin,772.0,2597.0,74.3,3.363989637,2015
DEL VALLE ISD,Austin,383.0,824.0,23.2,2.151436031,2015
LAGO VISTA ISD,Austin,62.0,90.0,58.9,1.451612903,2015
LAKE TRAVIS ISD,Austin,533.0,1340.0,64.6,2.514071295,2015
WALLER ISD,Houston,101.0,143.0,30.8,1.415841584,2015
ROYAL ISD,Houston,62.0,108.0,12.0,1.741935484,2015
GEORGETOWN ISD,Austin,335.0,678.0,61.5,2.023880597,2015
MANOR ISD,Austin,229.0,320.0,4.4,1.3973799130000002,2015
HUTTO ISD,Austin,167.0,365.0,30.7,2.185628743,2015
ROUND ROCK ISD,Austin,2377.0,6306.0,75.3,2.652923854,2015
TAYLOR ISD,Austin,77.0,191.0,30.4,2.480519481,2015
LEANDER ISD,Austin,1732.5,4363.0,69.6,2.518326118,2015
FLORESVILLE ISD,San Antonio,134.0,188.0,17.6,1.402985075,2015
LA VERNIA ISD,San Antonio,84.0,130.0,35.4,1.547619048,2015
BRIDGEPORT ISD,Fort Worth,38.0,58.0,19.0,1.526315789,2015
SCHERTZ-CIBOLO-U CITY ISD,San Antonio,562.5,1326.0,36.5,2.357333333,2015
LIBERTY HILL ISD,Austin,106.0,185.0,63.2,1.7452830190000002,2015
PFLUGERVILLE ISD,Austin,1024.0,2654.0,38.1,2.591796875,2015
AUSTIN ISD,Austin,3060.0,7699.0,56.9,2.516013072,2015
WHITE SETTLEMENT ISD,Fort Worth,155.0,305.0,31.1,1.967741935,2015
ROYSE CITY ISD,Richardson,105.0,201.0,36.3,1.914285714,2015
GLEN ROSE ISD,Fort Worth,58.0,74.0,29.7,1.275862069,2015
ARLINGTON ISD,Fort Worth,1796.0,3773.0,36.6,2.10077951,2015
BIRDVILLE ISD,Fort Worth,1082.0,2730.0,44.6,2.52310536,2015
EVERMAN ISD,Fort Worth,148.0,233.0,10.7,1.574324324,2015
FORT WORTH ISD,Fort Worth,3525.0,7695.0,20.2,2.182978723,2015
GRAPEVINE-COLLEYVILLE ISD,Fort Worth,1244.0,4015.0,60.9,3.227491961,2015
KELLER ISD,Fort Worth,1570.0,3975.0,58.7,2.531847134,2015
MANSFIELD ISD,Fort Worth,1488.0,3327.0,35.6,2.235887097,2015
LAKE WORTH ISD,Fort Worth,68.0,126.0,15.9,1.852941176,2015
CROWLEY ISD,Fort Worth,499.0,1106.0,32.7,2.216432866,2015
KENNEDALE ISD,Fort Worth,73.0,123.0,56.1,1.684931507,2015
AZLE ISD,Fort Worth,131.0,228.0,34.2,1.740458015,2015
HURST-EULESS-BEDFORD ISD,Fort Worth,681.0,1158.0,54.8,1.700440529,2015
CASTLEBERRY ISD,Fort Worth,83.0,127.0,10.2,1.5301204819999998,2015
EAGLE MT-SAGINAW ISD,Fort Worth,806.0,1871.0,32.4,2.32133995,2015
CARROLL ISD,Fort Worth,685.0,1881.0,80.4,2.7459854010000004,2015
ALEDO ISD,Fort Worth,310.0,728.0,61.1,2.348387097,2015
POTTSBORO ISD,Richardson,47.0,71.0,57.7,1.5106382980000002,2015
SEGUIN ISD,Austin,152.0,267.0,20.2,1.756578947,2015
ALVIN ISD,Houston,578.0,1359.0,36.2,2.351211073,2015
ANGLETON ISD,Houston,190.0,341.0,14.1,1.7947368419999998,2015
BRAZOSPORT ISD,Houston,301.0,603.0,39.5,2.003322259,2015
PEARLAND ISD,Houston,1019.0,3117.0,52.8,3.0588812560000003,2015
MARBLE FALLS ISD,Austin,79.0,177.0,59.9,2.240506329,2015
LOCKHART ISD,Austin,146.0,307.0,25.7,2.102739726,2015
ANAHUAC ISD,Houston,42.0,73.0,11.0,1.738095238,2015
BARBERS HILL ISD,Houston,169.0,307.0,53.7,1.816568047,2015
BLANCO ISD,Austin,34.0,62.0,38.7,1.823529412,2015
ALLEN ISD,Richardson,941.0,2317.5,81.8,2.462805526,2015
CELINA ISD,Richardson,88.0,112.0,37.5,1.272727273,2015
MCKINNEY ISD,Richardson,1829.0,4966.0,56.2,2.715144888,2015
MELISSA ISD,Richardson,62.0,63.0,27.0,1.016129032,2015
PLANO ISD,Richardson,3673.0,10464.0,78.8,2.848897359,2015
PROSPER ISD,Richardson,330.0,740.0,60.5,2.242424242,2015
WYLIE ISD,Richardson,422.0,824.0,54.0,1.952606635,2015
LOVEJOY ISD,Richardson,362.0,1033.0,66.2,2.85359116,2015
ANNA ISD,Richardson,37.0,55.0,38.2,1.486486486,2015
NEW BRAUNFELS ISD,Austin,281.0,738.0,52.3,2.62633452,2015
SOUTHSIDE ISD,San Antonio,120.0,152.0,28.3,1.266666667,2015
NORTHSIDE ISD,San Antonio,4655.0,11369.0,36.2,2.442320086,2015
WHITESBORO ISD,Richardson,35.0,52.0,40.4,1.485714286,2015
PLEASANTON ISD,San Antonio,80.0,135.0,17.8,1.6875,2015
BANDERA ISD,San Antonio,44.0,70.0,57.1,1.590909091,2015
BASTROP ISD,Austin,272.0,617.0,22.0,2.268382353,2015
ELGIN ISD,Austin,144.0,256.0,24.6,1.777777778,2015
ALAMO HEIGHTS ISD,San Antonio,295.0,668.0,71.9,2.26440678,2015
HARLANDALE ISD,San Antonio,351.0,622.0,13.0,1.772079772,2015
JUDSON ISD,San Antonio,202.5,394.0,27.4,1.945679012,2015
EDGEWOOD ISD,San Antonio,280.0,650.0,7.1,2.321428571,2015
SAN ANTONIO ISD,San Antonio,1372.5,3189.0,11.7,2.323497268,2015
SOUTH SAN ANTONIO ISD,San Antonio,158.0,276.0,22.1,1.7468354430000002,2015
SOMERSET ISD,San Antonio,198.0,374.0,4.8,1.888888889,2015
NORTH EAST ISD,San Antonio,3707.0,10081.0,46.9,2.71944969,2015
EAST CENTRAL ISD,San Antonio,342.0,800.0,19.4,2.339181287,2015
SOUTHWEST ISD,San Antonio,278.0,451.0,18.0,1.622302158,2015
FT SAM HOUSTON ISD,San Antonio,84.0,157.0,35.0,1.869047619,2015
RANDOLPH FIELD ISD,San Antonio,91.0,206.0,42.7,2.2637362640000003,2015
COMAL ISD,Austin,891.0,2111.0,41.1,2.369248036,2015
FRISCO ISD,Richardson,2306.0,6084.0,69.6,2.638334779,2015
CEDAR HILL ISD,Richardson,179.0,308.0,14.6,1.720670391,2015
FERRIS ISD,Richardson,52.0,78.0,11.5,1.5,2015
MIDLOTHIAN ISD,Richardson,259.0,546.0,48.0,2.108108108,2015
RED OAK ISD,Richardson,124.0,243.0,53.9,1.959677419,2015
WAXAHACHIE ISD,Richardson,124.0,250.0,40.4,2.016129032,2015
STEPHENVILLE ISD,Fort Worth,84.0,112.0,61.6,1.333333333,2015
CARROLLTON-FARMERS BRANCH ISD,Richardson,967.5,2250.0,42.3,2.325581395,2015
NEEDVILLE ISD,Houston,35.0,61.0,63.9,1.7428571430000002,2015
FORT BEND ISD,Houston,3503.0,10247.0,64.7,2.925206965,2015
DICKINSON ISD,Houston,161.0,346.0,34.1,2.1490683230000003,2015
GALVESTON ISD,Houston,187.0,351.0,27.1,1.877005348,2015
TEXAS CITY ISD,Houston,159.0,268.0,13.8,1.685534591,2015
SANTA FE ISD,Houston,66.0,111.0,29.7,1.6818181819999998,2015
CLEAR CREEK ISD,Houston,1665.0,3753.0,69.1,2.254054054,2015
FRIENDSWOOD ISD,Houston,345.0,897.0,79.7,2.6,2015
FREDERICKSBURG ISD,Austin,118.0,246.0,44.7,2.084745763,2015
DENISON ISD,Richardson,107.0,275.0,38.2,2.570093458,2015
SHERMAN ISD,Richardson,219.0,575.0,44.3,2.625570776,2015
ENNIS ISD,Richardson,158.0,348.0,36.2,2.202531646,2015
LITTLE ELM ISD,Fort Worth,113.0,236.0,42.4,2.088495575,2015
LA GRANGE ISD,Austin,66.0,125.0,45.6,1.893939394,2015
DALLAS ISD,Richardson,6648.0,17417.0,23.7,2.61988568,2015
LAKE DALLAS ISD,Fort Worth,95.0,148.0,50.7,1.5578947369999998,2015
DESOTO ISD,Richardson,142.0,238.0,18.1,1.6760563380000002,2015
DUNCANVILLE ISD,Richardson,197.0,398.0,36.2,2.020304569,2015
GARLAND ISD,Richardson,2013.0,4552.0,34.9,2.26130154,2015
GRAND PRAIRIE ISD,Richardson,1001.0,2133.0,16.5,2.130869131,2015
HIGHLAND PARK ISD,Richardson,825.0,2716.0,70.9,3.292121212,2015
LANCASTER ISD,Richardson,165.0,336.0,2.4,2.036363636,2015
MESQUITE ISD,Richardson,1254.0,2937.0,32.4,2.342105263,2015
IRVING ISD,Richardson,1475.0,3095.0,23.0,2.098305085,2015
COPPELL ISD,Richardson,771.0,2037.0,78.0,2.642023346,2015
DENTON ISD,Fort Worth,783.0,1462.5,41.2,1.867816092,2015
LEWISVILLE ISD,Fort Worth,2316.0,5739.0,72.6,2.477979275,2015
KRUM ISD,Fort Worth,96.0,155.0,28.4,1.614583333,2015
AUBREY ISD,Fort Worth,51.0,65.0,33.8,1.274509804,2015
ARGYLE ISD,Fort Worth,67.0,138.0,74.6,2.059701493,2015
NORTHWEST ISD,Fort Worth,854.0,2237.0,54.3,2.619437939,2015
RICHARDSON ISD,Richardson,1696.0,4057.0,56.6,2.392099057,2015
BURLESON ISD,Fort Worth,496.0,1141.0,42.9,2.300403226,2016
MABANK ISD,Richardson,78.0,176.0,46.0,2.256410256,2016
CLEBURNE ISD,Fort Worth,169.0,351.0,34.2,2.076923077,2016
JOSHUA ISD,Fort Worth,51.0,79.0,51.9,1.549019608,2016
CRANDALL ISD,Richardson,97.0,165.0,33.9,1.7010309280000002,2016
FORNEY ISD,Richardson,275.0,607.0,44.2,2.207272727,2016
KAUFMAN ISD,Richardson,39.0,55.0,36.4,1.41025641,2016
BOERNE ISD,San Antonio,557.0,1465.0,64.1,2.63016158,2016
SPRINGTOWN ISD,Fort Worth,34.0,62.0,43.5,1.823529412,2016
GIDDINGS ISD,Austin,96.0,161.0,27.3,1.677083333,2016
DAYTON ISD,Houston,65.0,105.0,26.7,1.615384615,2016
LLANO ISD,Austin,49.0,73.0,24.7,1.4897959180000002,2016
EAGLE PASS ISD,San Antonio,356.0,648.0,44.6,1.820224719,2016
MEDINA VALLEY ISD,San Antonio,44.0,52.0,38.5,1.181818182,2016
THORNDALE ISD,Austin,32.0,52.0,23.1,1.625,2016
TULOSO-MIDWAY ISD,San Antonio,61.0,71.0,42.3,1.163934426,2016
GRANBURY ISD,Fort Worth,160.0,280.0,36.1,1.75,2016
KERRVILLE ISD,San Antonio,184.0,413.0,52.8,2.244565217,2016
WIMBERLEY ISD,Austin,82.0,136.0,74.3,1.658536585,2016
ALDINE ISD,Houston,1615.0,3099.0,16.2,1.918885449,2016
HUFFMAN ISD,Houston,67.0,143.0,43.4,2.1343283580000003,2016
DECATUR ISD,Fort Worth,110.0,219.0,28.3,1.990909091,2016
ALIEF ISD,Houston,1174.0,2425.0,28.6,2.065587734,2016
CHANNELVIEW ISD,Houston,325.0,681.0,22.0,2.095384615,2016
CROSBY ISD,Houston,95.0,186.0,37.6,1.957894737,2016
CYPRESS-FAIRBANKS ISD,Houston,3543.0,7869.0,61.0,2.220999153,2016
DEER PARK ISD,Houston,436.0,996.0,30.3,2.28440367,2016
GALENA PARK ISD,Houston,383.0,722.0,50.8,1.885117493,2016
HOUSTON ISD,Houston,8289.0,19330.0,33.3,2.332006273,2016
HUMBLE ISD,Houston,1488.0,3294.0,58.7,2.213709677,2016
KATY ISD,Houston,3351.0,9256.0,72.7,2.762160549,2016
KLEIN ISD,Houston,1284.0,2781.0,56.7,2.16588785,2016
LA PORTE ISD,Houston,292.0,613.0,22.0,2.099315068,2016
PASADENA ISD,Houston,1780.0,4443.0,27.8,2.496067416,2016
SPRING ISD,Houston,785.0,1378.0,13.1,1.7554140130000002,2016
SPRING BRANCH ISD,Houston,1785.0,4752.0,53.2,2.6621848740000003,2016
TOMBALL ISD,Houston,587.0,1288.0,69.7,2.194207836,2016
SHELDON ISD,Houston,117.0,222.0,18.9,1.897435897,2016
DRIPPING SPRINGS ISD,Austin,235.0,525.0,72.2,2.234042553,2016
WEATHERFORD ISD,Fort Worth,256.0,555.0,47.7,2.16796875,2016
BRIDGEPORT ISD,Fort Worth,32.0,58.0,58.6,1.8125,2016
ROCKWALL ISD,Richardson,814.0,1707.0,56.8,2.097051597,2016
EANES ISD,Austin,862.0,3002.0,71.9,3.482598608,2016
DEL VALLE ISD,Austin,368.0,829.0,29.1,2.252717391,2016
LAGO VISTA ISD,Austin,59.0,122.0,49.2,2.06779661,2016
LAKE TRAVIS ISD,Austin,559.0,1398.0,69.5,2.500894454,2016
CANTON ISD,Richardson,65.0,81.0,51.9,1.246153846,2016
WALLER ISD,Houston,118.0,175.0,29.7,1.483050847,2016
MANOR ISD,Austin,233.0,345.0,8.4,1.480686695,2016
ROYAL ISD,Houston,62.0,128.0,7.8,2.0645161290000003,2016
HUTTO ISD,Austin,155.0,356.0,44.4,2.296774194,2016
LIBERTY HILL ISD,Austin,139.0,222.0,59.0,1.5971223019999998,2016
ROUND ROCK ISD,Austin,2580.0,6811.0,75.2,2.639922481,2016
TAYLOR ISD,Austin,94.0,175.0,22.3,1.861702128,2016
LEANDER ISD,Austin,1890.0,4974.0,72.3,2.631746032,2016
FLORESVILLE ISD,San Antonio,123.0,156.0,9.6,1.268292683,2016
LA VERNIA ISD,San Antonio,121.0,143.0,30.8,1.181818182,2016
GEORGETOWN ISD,Austin,437.0,948.0,54.4,2.169336384,2016
PFLUGERVILLE ISD,Austin,1084.0,2861.0,40.7,2.6392988930000003,2016
AUSTIN ISD,Austin,3321.0,7676.0,59.2,2.311352002,2016
WHITE SETTLEMENT ISD,Fort Worth,188.0,368.0,23.4,1.957446809,2016
ROYSE CITY ISD,Richardson,111.0,222.0,40.1,2.0,2016
GLEN ROSE ISD,Fort Worth,38.0,55.0,49.1,1.447368421,2016
ARLINGTON ISD,Fort Worth,2053.0,4623.0,35.3,2.251826595,2016
BIRDVILLE ISD,Fort Worth,1054.0,2602.0,44.4,2.468690702,2016
EVERMAN ISD,Fort Worth,155.0,234.0,12.4,1.509677419,2016
FORT WORTH ISD,Fort Worth,3105.0,7447.5,19.2,2.398550725,2016
GRAPEVINE-COLLEYVILLE ISD,Fort Worth,1195.0,3933.0,60.8,3.291213389,2016
KELLER ISD,Fort Worth,1704.0,4358.0,62.4,2.557511737,2016
MANSFIELD ISD,Fort Worth,1559.0,3420.0,34.5,2.193713919,2016
LAKE WORTH ISD,Fort Worth,76.0,135.0,24.4,1.776315789,2016
CROWLEY ISD,Fort Worth,441.0,1139.0,33.9,2.58276644,2016
KENNEDALE ISD,Fort Worth,73.0,126.0,51.6,1.726027397,2016
AZLE ISD,Fort Worth,122.0,221.0,38.0,1.81147541,2016
HURST-EULESS-BEDFORD ISD,Fort Worth,850.0,1468.0,55.1,1.727058824,2016
CASTLEBERRY ISD,Fort Worth,93.0,153.0,5.2,1.64516129,2016
EAGLE MT-SAGINAW ISD,Fort Worth,835.0,1946.0,39.0,2.330538922,2016
CARROLL ISD,Fort Worth,694.0,2031.0,82.6,2.926512968,2016
ALEDO ISD,Fort Worth,269.0,648.0,60.6,2.408921933,2016
MARION ISD,Austin,30.0,51.0,35.3,1.7,2016
DUNCANVILLE ISD,Richardson,175.0,302.0,30.1,1.725714286,2016
SCHERTZ-CIBOLO-U CITY ISD,San Antonio,585.0,1269.0,41.0,2.169230769,2016
BRAZOSPORT ISD,Houston,308.0,616.0,42.9,2.0,2016
PEARLAND ISD,Houston,1160.0,3795.0,53.9,3.271551724,2016
MARBLE FALLS ISD,Austin,107.0,250.0,43.6,2.336448598,2016
LOCKHART ISD,Austin,206.0,423.0,25.1,2.053398058,2016
BARBERS HILL ISD,Houston,191.0,382.0,62.3,2.0,2016
ALLEN ISD,Richardson,1014.0,2407.5,79.1,2.374260355,2016
CELINA ISD,Richardson,92.0,118.0,50.0,1.282608696,2016
ANGLETON ISD,Houston,215.0,413.0,20.3,1.920930233,2016
FRISCO ISD,Richardson,2776.0,7245.0,72.2,2.609870317,2016
PLANO ISD,Richardson,3443.0,9857.0,81.6,2.862910253,2016
PRINCETON ISD,Richardson,91.0,185.0,25.4,2.0329670330000003,2016
PROSPER ISD,Richardson,335.0,680.0,65.4,2.029850746,2016
WYLIE ISD,Richardson,500.0,1035.0,55.6,2.07,2016
LOVEJOY ISD,Richardson,424.0,1205.0,66.6,2.841981132,2016
NEW BRAUNFELS ISD,Austin,263.0,627.0,54.4,2.384030418,2016
COMAL ISD,Austin,905.0,2091.0,49.0,2.310497238,2016
MCKINNEY ISD,Richardson,1884.0,5044.0,57.9,2.677282378,2016
ALVIN ISD,Houston,577.0,1474.0,43.8,2.554592721,2016
BLANCO ISD,Austin,34.0,57.0,40.4,1.6764705880000002,2016
SOUTHSIDE ISD,San Antonio,125.0,164.0,14.6,1.3119999999999998,2016
NAVARRO ISD,Austin,53.0,59.0,50.8,1.113207547,2016
BANDERA ISD,San Antonio,39.0,65.0,41.5,1.666666667,2016
BASTROP ISD,Austin,347.0,758.0,26.5,2.18443804,2016
ELGIN ISD,Austin,157.0,292.0,25.3,1.859872611,2016
ALAMO HEIGHTS ISD,San Antonio,320.0,755.0,76.6,2.359375,2016
HARLANDALE ISD,San Antonio,374.0,607.0,14.7,1.6229946519999998,2016
EDGEWOOD ISD,San Antonio,300.0,574.0,9.9,1.913333333,2016
RANDOLPH FIELD ISD,San Antonio,114.0,219.0,44.3,1.921052632,2016
SAN ANTONIO ISD,San Antonio,1575.0,3622.0,8.7,2.29968254,2016
SOUTH SAN ANTONIO ISD,San Antonio,132.0,265.0,21.9,2.007575758,2016
SOMERSET ISD,San Antonio,173.0,295.0,9.8,1.705202312,2016
NORTH EAST ISD,San Antonio,3551.0,9539.0,51.3,2.6862855530000003,2016
EAST CENTRAL ISD,San Antonio,290.0,671.0,19.1,2.313793103,2016
SOUTHWEST ISD,San Antonio,253.0,477.0,15.7,1.885375494,2016
FT SAM HOUSTON ISD,San Antonio,66.0,112.0,32.1,1.696969697,2016
NORTHSIDE ISD,San Antonio,4878.0,11682.0,37.0,2.394833948,2016
JUDSON ISD,San Antonio,298.0,590.0,23.1,1.979865772,2016
CARROLLTON-FARMERS BRANCH ISD,Richardson,1035.0,2047.5,42.0,1.97826087,2016
CEDAR HILL ISD,Richardson,177.0,304.0,13.2,1.717514124,2016
PLEASANTON ISD,San Antonio,74.0,121.0,24.0,1.635135135,2016
DESOTO ISD,Richardson,224.0,344.0,13.7,1.535714286,2016
STEPHENVILLE ISD,Fort Worth,58.0,82.0,61.0,1.4137931030000002,2016
LA GRANGE ISD,Austin,63.0,121.0,47.9,1.920634921,2016
NEEDVILLE ISD,Houston,46.0,70.0,62.9,1.52173913,2016
FORT BEND ISD,Houston,3546.0,10547.0,63.3,2.9743372810000004,2016
DICKINSON ISD,Houston,189.0,369.0,41.2,1.952380952,2016
TEXAS CITY ISD,Houston,129.0,218.0,21.1,1.689922481,2016
SANTA FE ISD,Houston,82.0,117.0,30.8,1.426829268,2016
WAXAHACHIE ISD,Richardson,106.0,234.0,51.3,2.20754717,2016
CLEAR CREEK ISD,Houston,1815.0,4188.0,66.0,2.307438017,2016
FREDERICKSBURG ISD,Austin,104.0,230.0,50.9,2.211538462,2016
DENISON ISD,Richardson,92.0,214.0,38.8,2.326086957,2016
SHERMAN ISD,Richardson,237.0,592.0,58.1,2.497890295,2016
VAN ALSTYNE ISD,Richardson,39.0,54.0,18.5,1.384615385,2016
WHITESBORO ISD,Richardson,39.0,65.0,44.6,1.666666667,2016
SEGUIN ISD,Austin,159.0,299.0,21.1,1.880503145,2016
DALLAS ISD,Richardson,6097.5,16910.0,24.7,2.773267733,2016
FRIENDSWOOD ISD,Houston,368.0,1118.0,75.0,3.038043478,2016
RED OAK ISD,Richardson,124.0,260.0,56.5,2.096774194,2016
GALVESTON ISD,Houston,179.0,371.0,29.4,2.072625698,2016
FERRIS ISD,Richardson,45.0,57.0,22.8,1.266666667,2016
GARLAND ISD,Richardson,3006.0,7915.0,27.1,2.633067199,2016
MIDLOTHIAN ISD,Richardson,270.0,577.0,55.8,2.137037037,2016
HIGHLAND PARK ISD,Richardson,806.0,2575.0,76.0,3.194789082,2016
IRVING ISD,Richardson,1599.0,3402.0,26.7,2.127579737,2016
LANCASTER ISD,Richardson,226.0,405.0,3.5,1.792035398,2016
MESQUITE ISD,Richardson,1301.0,2927.0,30.0,2.24980784,2016
RICHARDSON ISD,Richardson,1816.0,4471.0,55.0,2.462004405,2016
COPPELL ISD,Richardson,720.0,1987.0,82.0,2.759722222,2016
DENTON ISD,Fort Worth,741.0,1327.5,49.4,1.791497976,2016
GRAND PRAIRIE ISD,Richardson,1107.0,2298.0,19.3,2.075880759,2016
KRUM ISD,Fort Worth,78.0,124.0,40.3,1.58974359,2016
ENNIS ISD,Richardson,139.0,307.0,34.5,2.208633094,2016
SANGER ISD,Fort Worth,53.0,55.0,36.4,1.0377358490000002,2016
ARGYLE ISD,Fort Worth,46.0,102.0,80.4,2.217391304,2016
NORTHWEST ISD,Fort Worth,1079.0,3034.0,50.8,2.8118628360000004,2016
LAKE DALLAS ISD,Fort Worth,97.0,169.0,56.2,1.742268041,2016
LITTLE ELM ISD,Fort Worth,174.0,394.0,54.1,2.264367816,2016
LEWISVILLE ISD,Fort Worth,2455.0,5824.0,75.2,2.372301426,2016
GRANBURY ISD,Fort Worth,150.0,266.0,36.8,1.773333333,2017
BURLESON ISD,Fort Worth,456.0,1144.0,46.1,2.50877193,2017
CLEBURNE ISD,Fort Worth,175.0,351.0,35.3,2.005714286,2017
CRANDALL ISD,Richardson,120.0,194.0,23.2,1.6166666669999998,2017
FORNEY ISD,Richardson,268.0,530.0,42.6,1.97761194,2017
MABANK ISD,Richardson,108.0,208.0,41.3,1.925925926,2017
BOERNE ISD,San Antonio,607.0,1579.0,62.1,2.601317957,2017
CLEVELAND ISD,Houston,73.0,89.0,15.7,1.219178082,2017
GIDDINGS ISD,Austin,86.0,137.0,24.1,1.593023256,2017
DAYTON ISD,Houston,77.0,139.0,36.7,1.805194805,2017
LLANO ISD,Austin,36.0,51.0,33.3,1.416666667,2017
EAGLE PASS ISD,San Antonio,337.0,646.0,47.7,1.916913947,2017
HONDO ISD,San Antonio,44.0,64.0,28.1,1.454545455,2017
MEDINA VALLEY ISD,San Antonio,88.0,116.0,24.1,1.318181818,2017
ATHENS ISD,Richardson,124.0,183.0,14.2,1.4758064519999998,2017
KERRVILLE ISD,San Antonio,171.0,401.0,60.1,2.34502924,2017
WIMBERLEY ISD,Austin,105.0,190.0,75.8,1.80952381,2017
ALDINE ISD,Houston,1501.0,2617.0,15.8,1.74350433,2017
HUFFMAN ISD,Houston,91.0,183.0,51.9,2.010989011,2017
ALIEF ISD,Houston,1165.0,2444.0,28.9,2.097854077,2017
CHANNELVIEW ISD,Houston,295.0,574.0,21.1,1.945762712,2017
CROSBY ISD,Houston,107.0,190.0,47.9,1.775700935,2017
CYPRESS-FAIRBANKS ISD,Houston,3830.0,8451.0,61.3,2.206527415,2017
DEER PARK ISD,Houston,392.0,829.0,40.0,2.114795918,2017
GALENA PARK ISD,Houston,395.0,751.0,48.2,1.901265823,2017
HOUSTON ISD,Houston,8602.0,20537.0,33.4,2.387468031,2017
DRIPPING SPRINGS ISD,Austin,228.0,534.0,74.5,2.342105263,2017
HUMBLE ISD,Houston,1675.0,3758.0,54.4,2.24358209,2017
KLEIN ISD,Houston,1462.5,3214.0,53.9,2.197606838,2017
LA PORTE ISD,Houston,240.0,553.0,19.3,2.304166667,2017
PASADENA ISD,Houston,1888.0,4820.0,29.8,2.552966102,2017
SPRING ISD,Houston,971.0,1771.0,10.2,1.823892894,2017
SPRING BRANCH ISD,Houston,1812.0,4723.0,54.6,2.606512141,2017
TOMBALL ISD,Houston,641.0,1498.0,68.0,2.336973479,2017
SHELDON ISD,Houston,139.0,227.0,12.3,1.633093525,2017
KATY ISD,Houston,3692.0,10504.0,75.5,2.845070423,2017
TULOSO-MIDWAY ISD,San Antonio,43.0,59.0,44.1,1.372093023,2017
EAGLE MT-SAGINAW ISD,Fort Worth,871.0,1995.0,42.2,2.2904707230000003,2017
WEATHERFORD ISD,Fort Worth,184.0,388.0,54.4,2.108695652,2017
EANES ISD,Austin,976.0,3213.0,69.8,3.292008197,2017
DEL VALLE ISD,Austin,430.0,933.0,19.3,2.169767442,2017
LAGO VISTA ISD,Austin,38.0,81.0,53.1,2.131578947,2017
LAKE TRAVIS ISD,Austin,639.0,1735.0,71.7,2.715179969,2017
CANTON ISD,Richardson,65.0,90.0,55.6,1.384615385,2017
WALLER ISD,Houston,148.0,258.0,35.3,1.7432432430000002,2017
ROYAL ISD,Houston,67.0,124.0,13.7,1.850746269,2017
MANOR ISD,Austin,236.0,362.0,5.8,1.533898305,2017
FLORENCE ISD,Austin,44.0,65.0,10.8,1.477272727,2017
HUTTO ISD,Austin,169.0,388.0,57.5,2.2958579880000003,2017
LIBERTY HILL ISD,Austin,136.0,218.0,66.1,1.602941176,2017
ROUND ROCK ISD,Austin,2710.0,7464.0,75.7,2.754243542,2017
TAYLOR ISD,Austin,70.0,146.0,25.3,2.085714286,2017
LEANDER ISD,Austin,2025.0,5130.0,70.7,2.5333333330000003,2017
FLORESVILLE ISD,San Antonio,163.0,318.0,22.0,1.950920245,2017
NAVARRO ISD,Austin,51.0,54.0,38.9,1.058823529,2017
GEORGETOWN ISD,Austin,482.0,1078.0,48.8,2.2365145230000003,2017
PFLUGERVILLE ISD,Austin,1104.0,3010.0,45.1,2.726449275,2017
AUSTIN ISD,Austin,3350.0,7909.0,61.4,2.360895522,2017
WHITE SETTLEMENT ISD,Fort Worth,100.0,192.0,42.2,1.92,2017
ALEDO ISD,Fort Worth,288.0,669.0,56.1,2.322916667,2017
ROCKWALL ISD,Richardson,810.0,1974.0,58.3,2.437037037,2017
ROYSE CITY ISD,Richardson,102.0,206.0,37.4,2.019607843,2017
ARLINGTON ISD,Fort Worth,2476.0,5773.0,33.8,2.331583199,2017
BIRDVILLE ISD,Fort Worth,1069.0,2583.0,44.0,2.416276894,2017
EVERMAN ISD,Fort Worth,223.0,336.0,18.5,1.506726457,2017
FORT WORTH ISD,Fort Worth,3375.0,8728.0,20.3,2.586074074,2017
GRAPEVINE-COLLEYVILLE ISD,Fort Worth,1140.0,3895.0,60.3,3.416666667,2017
KELLER ISD,Fort Worth,1837.0,4869.0,63.5,2.650517148,2017
MANSFIELD ISD,Fort Worth,1653.0,3812.0,39.1,2.306110103,2017
LAKE WORTH ISD,Fort Worth,101.0,198.0,23.2,1.96039604,2017
CROWLEY ISD,Fort Worth,427.0,947.0,27.3,2.217798595,2017
KENNEDALE ISD,Fort Worth,73.0,107.0,47.7,1.465753425,2017
AZLE ISD,Fort Worth,108.0,194.0,32.0,1.796296296,2017
HURST-EULESS-BEDFORD ISD,Fort Worth,894.0,1585.0,56.0,1.772930649,2017
CASTLEBERRY ISD,Fort Worth,142.0,236.0,4.2,1.661971831,2017
CARROLL ISD,Fort Worth,771.0,2123.0,83.0,2.7535667960000003,2017
MINERAL WELLS ISD,Fort Worth,41.0,70.0,27.1,1.707317073,2017
SCHERTZ-CIBOLO-U CITY ISD,San Antonio,652.5,1370.0,45.2,2.099616858,2017
DESOTO ISD,Richardson,249.0,460.0,7.8,1.847389558,2017
POTTSBORO ISD,Richardson,47.0,75.0,33.3,1.595744681,2017
ANGLETON ISD,Houston,235.0,483.0,22.4,2.055319149,2017
BRAZOSPORT ISD,Houston,302.0,693.0,42.7,2.294701987,2017
PEARLAND ISD,Houston,1284.0,3915.0,59.8,3.0490654210000003,2017
MARBLE FALLS ISD,Austin,130.0,304.0,43.4,2.338461538,2017
LOCKHART ISD,Austin,192.0,399.0,21.1,2.078125,2017
BARBERS HILL ISD,Houston,218.0,478.0,64.0,2.19266055,2017
ALLEN ISD,Richardson,1064.0,2985.0,77.5,2.805451128,2017
ALVIN ISD,Houston,656.0,1673.0,49.9,2.550304878,2017
CELINA ISD,Richardson,109.0,146.0,58.9,1.339449541,2017
MCKINNEY ISD,Richardson,1875.0,5127.0,56.0,2.7344,2017
PLANO ISD,Richardson,3677.0,10701.0,78.1,2.910252924,2017
PRINCETON ISD,Richardson,56.0,74.0,28.4,1.321428571,2017
PROSPER ISD,Richardson,418.0,836.0,62.3,2.0,2017
WYLIE ISD,Richardson,655.0,1439.0,55.8,2.196946565,2017
LOVEJOY ISD,Richardson,425.0,1124.0,78.6,2.644705882,2017
NEW BRAUNFELS ISD,Austin,268.0,583.0,53.5,2.175373134,2017
FRISCO ISD,Richardson,3311.0,8957.0,72.7,2.705225008,2017
COMAL ISD,San Antonio,946.0,2035.0,51.9,2.151162791,2017
SOUTHSIDE ISD,San Antonio,75.0,145.0,12.4,1.933333333,2017
NORTHSIDE ISD,San Antonio,4790.0,11360.0,40.0,2.371607516,2017
LA VERNIA ISD,San Antonio,156.0,272.0,32.4,1.743589744,2017
PLEASANTON ISD,San Antonio,81.0,135.0,17.8,1.666666667,2017
BANDERA ISD,San Antonio,28.0,71.0,57.7,2.535714286,2017
BASTROP ISD,Austin,353.0,818.0,31.5,2.317280453,2017
ELGIN ISD,Austin,185.0,359.0,17.3,1.940540541,2017
ALAMO HEIGHTS ISD,San Antonio,314.0,740.0,74.5,2.356687898,2017
HARLANDALE ISD,San Antonio,509.0,835.0,7.9,1.640471513,2017
JUDSON ISD,San Antonio,337.5,676.0,20.7,2.0029629630000003,2017
EDGEWOOD ISD,San Antonio,402.0,790.0,5.3,1.965174129,2017
SAN ANTONIO ISD,San Antonio,1642.5,3987.0,7.9,2.42739726,2017
SOUTH SAN ANTONIO ISD,San Antonio,166.0,273.0,13.9,1.644578313,2017
SOMERSET ISD,San Antonio,171.0,313.0,16.0,1.830409357,2017
NORTH EAST ISD,San Antonio,3806.0,10479.0,51.5,2.753284288,2017
EAST CENTRAL ISD,San Antonio,310.0,706.0,21.4,2.277419355,2017
SOUTHWEST ISD,San Antonio,313.0,534.0,17.8,1.706070288,2017
FT SAM HOUSTON ISD,San Antonio,58.0,93.0,36.6,1.603448276,2017
RANDOLPH FIELD ISD,San Antonio,98.0,186.0,40.3,1.897959184,2017
CARROLLTON-FARMERS BRANCH ISD,Richardson,877.5,1957.5,48.5,2.230769231,2017
CEDAR HILL ISD,Richardson,177.0,302.0,9.6,1.706214689,2017
DALLAS ISD,Richardson,6933.0,17825.0,24.7,2.571037069,2017
WAXAHACHIE ISD,Richardson,104.0,195.0,41.0,1.875,2017
STEPHENVILLE ISD,Fort Worth,44.0,60.0,71.7,1.363636364,2017
LA GRANGE ISD,Austin,55.0,126.0,46.0,2.290909091,2017
NEEDVILLE ISD,Houston,61.0,100.0,64.0,1.6393442619999998,2017
FORT BEND ISD,Houston,3810.0,11285.0,64.8,2.961942257,2017
DICKINSON ISD,Houston,167.0,326.0,40.5,1.952095808,2017
GALVESTON ISD,Houston,172.0,423.0,33.8,2.459302326,2017
RED OAK ISD,Richardson,99.0,192.0,68.2,1.939393939,2017
TEXAS CITY ISD,Houston,188.0,416.0,13.0,2.212765957,2017
CLEAR CREEK ISD,Houston,1767.0,4435.0,66.1,2.509903792,2017
FRIENDSWOOD ISD,Houston,340.0,937.0,75.8,2.755882353,2017
FREDERICKSBURG ISD,Austin,108.0,238.0,36.6,2.203703704,2017
DENISON ISD,Richardson,114.0,283.0,43.8,2.48245614,2017
SHERMAN ISD,Richardson,219.0,600.0,53.3,2.739726027,2017
VAN ALSTYNE ISD,Richardson,50.0,61.0,52.5,1.22,2017
WHITESBORO ISD,Richardson,44.0,61.0,42.6,1.386363636,2017
SANTA FE ISD,Houston,95.0,200.0,24.0,2.105263158,2017
MIDLOTHIAN ISD,Richardson,261.0,683.0,53.4,2.6168582380000003,2017
FERRIS ISD,Richardson,47.0,78.0,23.1,1.6595744680000002,2017
ENNIS ISD,Richardson,119.0,302.0,36.8,2.537815126,2017
DUNCANVILLE ISD,Richardson,194.0,365.0,32.6,1.881443299,2017
GARLAND ISD,Richardson,3168.0,8082.0,26.8,2.551136364,2017
GRAND PRAIRIE ISD,Richardson,1214.0,2669.0,23.7,2.198517298,2017
HIGHLAND PARK ISD,Richardson,864.0,2532.0,74.0,2.9305555560000003,2017
IRVING ISD,Richardson,1705.0,3986.0,24.3,2.337829912,2017
LANCASTER ISD,Richardson,225.0,450.0,4.4,2.0,2017
MESQUITE ISD,Richardson,1257.0,2730.0,34.9,2.171837709,2017
RICHARDSON ISD,Richardson,1823.0,4659.0,52.7,2.555677455,2017
COPPELL ISD,Richardson,787.5,2183.0,80.2,2.772063492,2017
DENTON ISD,Fort Worth,834.0,1773.0,48.1,2.125899281,2017
LEWISVILLE ISD,Fort Worth,2596.0,6206.0,73.1,2.390600924,2017
KRUM ISD,Fort Worth,60.0,80.0,46.3,1.333333333,2017
AUBREY ISD,Fort Worth,52.0,60.0,21.7,1.153846154,2017
ARGYLE ISD,Fort Worth,37.0,68.0,73.5,1.837837838,2017
NORTHWEST ISD,Fort Worth,1208.0,3404.0,51.4,2.817880795,2017
LAKE DALLAS ISD,Fort Worth,94.0,195.0,53.8,2.074468085,2017
LITTLE ELM ISD,Fort Worth,237.0,609.0,51.7,2.569620253,2017
SEGUIN ISD,Austin,147.0,272.0,26.5,1.850340136,2017
DECATUR ISD,Fort Worth,114.0,228.0,30.7,2.0,2017
