DistName,RegnName,Wealth/ADA,Year
ALAMO HEIGHTS ISD,San Antonio,1098268,2011
ALAMO HEIGHTS ISD,San Antonio,1061587,2012
ALAMO HEIGHTS ISD,San Antonio,1056007,2013
ALAMO HEIGHTS ISD,San Antonio,1081447,2014
ALAMO HEIGHTS ISD,San Antonio,1137027,2015
ALAMO HEIGHTS ISD,San Antonio,1179836,2016
ALAMO HEIGHTS ISD,San Antonio,1296290,2017
ALDINE ISD,Houston,227596,2011
ALDINE ISD,Houston,210385,2012
ALDINE ISD,Houston,211736,2013
ALDINE ISD,Houston,215342,2014
ALDINE ISD,Houston,231165,2015
ALDINE ISD,Houston,253334,2016
ALDINE ISD,Houston,293519,2017
ALEDO ISD,Fort Worth,571536,2011
ALEDO ISD,Fort Worth,578269,2012
ALEDO ISD,Fort Worth,541482,2013
ALEDO ISD,Fort Worth,520317,2014
ALEDO ISD,Fort Worth,517205,2015
ALEDO ISD,Fort Worth,507627,2016
ALEDO ISD,Fort Worth,537553,2017
ALIEF ISD,Houston,267266,2011
ALIEF ISD,Houston,249968,2012
ALIEF ISD,Houston,248959,2013
ALIEF ISD,Houston,249467,2014
ALIEF ISD,Houston,258678,2015
ALIEF ISD,Houston,283387,2016
ALIEF ISD,Houston,319295,2017
ALLEN ISD,Richardson,390167,2011
ALLEN ISD,Richardson,387115,2012
ALLEN ISD,Richardson,388622,2013
ALLEN ISD,Richardson,397446,2014
ALLEN ISD,Richardson,415021,2015
ALLEN ISD,Richardson,445482,2016
ALLEN ISD,Richardson,497425,2017
ALVARADO ISD,Fort Worth,530621,2011
ALVARADO ISD,Fort Worth,488002,2012
ALVARADO ISD,Fort Worth,447308,2013
ALVARADO ISD,Fort Worth,436882,2014
ALVARADO ISD,Fort Worth,400123,2015
ALVARADO ISD,Fort Worth,417922,2016
ALVARADO ISD,Fort Worth,414360,2017
ALVIN ISD,Houston,216299,2011
ALVIN ISD,Houston,213786,2012
ALVIN ISD,Houston,213476,2013
ALVIN ISD,Houston,212809,2014
ALVIN ISD,Houston,224168,2015
ALVIN ISD,Houston,222517,2016
ALVIN ISD,Houston,229859,2017
ALVORD ISD,Fort Worth,374152,2011
ALVORD ISD,Fort Worth,437710,2012
ALVORD ISD,Fort Worth,455191,2013
ALVORD ISD,Fort Worth,511733,2014
ALVORD ISD,Fort Worth,653796,2015
ALVORD ISD,Fort Worth,643643,2016
ALVORD ISD,Fort Worth,629173,2017
ANAHUAC ISD,Houston,250260,2011
ANAHUAC ISD,Houston,274403,2012
ANAHUAC ISD,Houston,278893,2013
ANAHUAC ISD,Houston,332679,2014
ANAHUAC ISD,Houston,422981,2015
ANAHUAC ISD,Houston,561184,2016
ANAHUAC ISD,Houston,513384,2017
ANGLETON ISD,Houston,396881,2011
ANGLETON ISD,Houston,359004,2012
ANGLETON ISD,Houston,358284,2013
ANGLETON ISD,Houston,360331,2014
ANGLETON ISD,Houston,337541,2015
ANGLETON ISD,Houston,348473,2016
ANGLETON ISD,Houston,378109,2017
ANNA ISD,Richardson,237408,2011
ANNA ISD,Richardson,228231,2012
ANNA ISD,Richardson,208184,2013
ANNA ISD,Richardson,205807,2014
ANNA ISD,Richardson,204233,2015
ANNA ISD,Richardson,213949,2016
ANNA ISD,Richardson,233654,2017
ARGYLE ISD,Fort Worth,598246,2011
ARGYLE ISD,Fort Worth,599216,2012
ARGYLE ISD,Fort Worth,607796,2013
ARGYLE ISD,Fort Worth,574613,2014
ARGYLE ISD,Fort Worth,553208,2015
ARGYLE ISD,Fort Worth,544808,2016
ARGYLE ISD,Fort Worth,567092,2017
ARLINGTON ISD,Fort Worth,338766,2011
ARLINGTON ISD,Fort Worth,314773,2012
ARLINGTON ISD,Fort Worth,316340,2013
ARLINGTON ISD,Fort Worth,325124,2014
ARLINGTON ISD,Fort Worth,341135,2015
ARLINGTON ISD,Fort Worth,351491,2016
ARLINGTON ISD,Fort Worth,368110,2017
ATHENS ISD,Richardson,427992,2017
AUBREY ISD,Fort Worth,313334,2011
AUBREY ISD,Fort Worth,299283,2012
AUBREY ISD,Fort Worth,301121,2013
AUBREY ISD,Fort Worth,293702,2014
AUBREY ISD,Fort Worth,289802,2015
AUBREY ISD,Fort Worth,290118,2016
AUBREY ISD,Fort Worth,318790,2017
AUSTIN ISD,Austin,793908,2011
AUSTIN ISD,Austin,751327,2012
AUSTIN ISD,Austin,768123,2013
AUSTIN ISD,Austin,805850,2014
AUSTIN ISD,Austin,867833,2015
AUSTIN ISD,Austin,969782,2016
AUSTIN ISD,Austin,1146668,2017
AVALON ISD,Richardson,114085,2011
AVALON ISD,Richardson,125575,2012
AVALON ISD,Richardson,111104,2014
AVALON ISD,Richardson,107462,2015
AVALON ISD,Richardson,102521,2016
AVALON ISD,Richardson,101229,2017
AZLE ISD,Fort Worth,432477,2011
AZLE ISD,Fort Worth,425292,2012
AZLE ISD,Fort Worth,413243,2013
AZLE ISD,Fort Worth,391884,2014
AZLE ISD,Fort Worth,385407,2015
AZLE ISD,Fort Worth,375480,2016
AZLE ISD,Fort Worth,392810,2017
BANDERA ISD,San Antonio,533528,2011
BANDERA ISD,San Antonio,578911,2012
BANDERA ISD,San Antonio,599874,2013
BANDERA ISD,San Antonio,624854,2014
BANDERA ISD,San Antonio,659994,2015
BANDERA ISD,San Antonio,664723,2016
BANDERA ISD,San Antonio,670540,2017
BARBERS HILL ISD,Houston,751007,2011
BARBERS HILL ISD,Houston,697273,2012
BARBERS HILL ISD,Houston,789780,2013
BARBERS HILL ISD,Houston,905494,2014
BARBERS HILL ISD,Houston,883464,2015
BARBERS HILL ISD,Houston,976033,2016
BARBERS HILL ISD,Houston,1082616,2017
BARTLETT ISD,Austin,247897,2011
BARTLETT ISD,Austin,237584,2012
BARTLETT ISD,Austin,238927,2013
BARTLETT ISD,Austin,251572,2014
BARTLETT ISD,Austin,289071,2016
BARTLETT ISD,Austin,289808,2017
BASTROP ISD,Austin,308882,2011
BASTROP ISD,Austin,316748,2012
BASTROP ISD,Austin,318564,2013
BASTROP ISD,Austin,306454,2014
BASTROP ISD,Austin,313113,2015
BASTROP ISD,Austin,312909,2016
BASTROP ISD,Austin,318106,2017
BELLS ISD,Richardson,216345,2011
BELLS ISD,Richardson,268025,2012
BELLS ISD,Richardson,264116,2013
BELLS ISD,Richardson,253557,2014
BELLS ISD,Richardson,254557,2015
BELLS ISD,Richardson,243337,2016
BELLS ISD,Richardson,264379,2017
BIRDVILLE ISD,Fort Worth,337577,2011
BIRDVILLE ISD,Fort Worth,309498,2012
BIRDVILLE ISD,Fort Worth,305372,2013
BIRDVILLE ISD,Fort Worth,311982,2014
BIRDVILLE ISD,Fort Worth,317725,2015
BIRDVILLE ISD,Fort Worth,322629,2016
BIRDVILLE ISD,Fort Worth,338349,2017
BLANCO ISD,Austin,704424,2011
BLANCO ISD,Austin,715930,2012
BLANCO ISD,Austin,727452,2013
BLANCO ISD,Austin,721038,2014
BLANCO ISD,Austin,733219,2015
BLANCO ISD,Austin,751758,2016
BLANCO ISD,Austin,779918,2017
BLAND ISD,Richardson,212445,2011
BLAND ISD,Richardson,206064,2012
BLAND ISD,Richardson,201037,2013
BLAND ISD,Richardson,206846,2014
BLAND ISD,Richardson,218848,2015
BLAND ISD,Richardson,203633,2016
BLAND ISD,Richardson,203488,2017
BLUE RIDGE ISD,Richardson,201729,2011
BLUE RIDGE ISD,Richardson,197617,2012
BLUE RIDGE ISD,Richardson,200726,2013
BLUE RIDGE ISD,Richardson,201229,2014
BLUE RIDGE ISD,Richardson,189323,2015
BLUE RIDGE ISD,Richardson,190448,2016
BLUE RIDGE ISD,Richardson,200203,2017
BOERNE ISD,San Antonio,692549,2011
BOERNE ISD,San Antonio,689003,2012
BOERNE ISD,San Antonio,674863,2013
BOERNE ISD,San Antonio,687364,2014
BOERNE ISD,San Antonio,693152,2015
BOERNE ISD,San Antonio,683039,2016
BOERNE ISD,San Antonio,705406,2017
BOLES ISD,Richardson,33742,2011
BOLES ISD,Richardson,32585,2013
BOLES ISD,Richardson,31795,2014
BOLES ISD,Richardson,33152,2015
BOLES ISD,Richardson,29653,2016
BOLES ISD,Richardson,27932,2017
BONHAM ISD,Richardson,303666,2011
BONHAM ISD,Richardson,304421,2012
BONHAM ISD,Richardson,300941,2013
BONHAM ISD,Richardson,301415,2014
BONHAM ISD,Richardson,320960,2015
BONHAM ISD,Richardson,316471,2016
BONHAM ISD,Richardson,337235,2017
BOYD ISD,Fort Worth,746612,2011
BOYD ISD,Fort Worth,790320,2012
BOYD ISD,Fort Worth,761003,2013
BOYD ISD,Fort Worth,766263,2014
BOYD ISD,Fort Worth,740551,2015
BOYD ISD,Fort Worth,795987,2016
BOYD ISD,Fort Worth,678321,2017
BRACKETT ISD,San Antonio,275853,2011
BRACKETT ISD,San Antonio,302987,2012
BRACKETT ISD,San Antonio,297789,2013
BRACKETT ISD,San Antonio,297167,2014
BRACKETT ISD,San Antonio,376900,2015
BRACKETT ISD,San Antonio,427466,2016
BRACKETT ISD,San Antonio,629550,2017
BRAZOSPORT ISD,Houston,588257,2011
BRAZOSPORT ISD,Houston,553129,2012
BRAZOSPORT ISD,Houston,544943,2013
BRAZOSPORT ISD,Houston,553287,2014
BRAZOSPORT ISD,Houston,586183,2015
BRAZOSPORT ISD,Houston,588141,2016
BRAZOSPORT ISD,Houston,689681,2017
BRIDGEPORT ISD,Fort Worth,580285,2011
BRIDGEPORT ISD,Fort Worth,571326,2012
BRIDGEPORT ISD,Fort Worth,631212,2013
BRIDGEPORT ISD,Fort Worth,666860,2014
BRIDGEPORT ISD,Fort Worth,703874,2015
BRIDGEPORT ISD,Fort Worth,735835,2016
BRIDGEPORT ISD,Fort Worth,720342,2017
BROCK ISD,Fort Worth,451428,2011
BROCK ISD,Fort Worth,513178,2012
BROCK ISD,Fort Worth,461733,2013
BROCK ISD,Fort Worth,495704,2014
BROCK ISD,Fort Worth,398233,2015
BROCK ISD,Fort Worth,365423,2016
BROCK ISD,Fort Worth,397992,2017
BURLESON ISD,Fort Worth,379208,2011
BURLESON ISD,Fort Worth,351767,2012
BURLESON ISD,Fort Worth,338552,2013
BURLESON ISD,Fort Worth,330044,2014
BURLESON ISD,Fort Worth,314727,2015
BURLESON ISD,Fort Worth,317675,2016
BURLESON ISD,Fort Worth,322091,2017
CADDO MILLS ISD,Richardson,242965,2011
CADDO MILLS ISD,Richardson,236187,2012
CADDO MILLS ISD,Richardson,242939,2013
CADDO MILLS ISD,Richardson,239538,2014
CADDO MILLS ISD,Richardson,230625,2015
CADDO MILLS ISD,Richardson,218009,2016
CADDO MILLS ISD,Richardson,225080,2017
CALLISBURG ISD,Fort Worth,488166,2011
CALLISBURG ISD,Fort Worth,503052,2012
CALLISBURG ISD,Fort Worth,511344,2013
CALLISBURG ISD,Fort Worth,519790,2014
CALLISBURG ISD,Fort Worth,544455,2015
CALLISBURG ISD,Fort Worth,550295,2016
CALLISBURG ISD,Fort Worth,550136,2017
CAMPBELL ISD,Richardson,238737,2014
CAMPBELL ISD,Richardson,234946,2015
CAMPBELL ISD,Richardson,226542,2016
CAMPBELL ISD,Richardson,244805,2017
CANTON ISD,Richardson,312980,2011
CANTON ISD,Richardson,311875,2012
CANTON ISD,Richardson,305249,2013
CANTON ISD,Richardson,300187,2014
CANTON ISD,Richardson,306143,2015
CANTON ISD,Richardson,294564,2016
CANTON ISD,Richardson,299359,2017
CARROLL ISD,Fort Worth,732585,2011
CARROLL ISD,Fort Worth,714518,2012
CARROLL ISD,Fort Worth,724355,2013
CARROLL ISD,Fort Worth,725097,2014
CARROLL ISD,Fort Worth,747542,2015
CARROLL ISD,Fort Worth,776489,2016
CARROLL ISD,Fort Worth,803421,2017
CARROLLTON-FARMERS BRANCH ISD,Richardson,555508,2011
CARROLLTON-FARMERS BRANCH ISD,Richardson,524292,2012
CARROLLTON-FARMERS BRANCH ISD,Richardson,520350,2013
CARROLLTON-FARMERS BRANCH ISD,Richardson,528929,2014
CARROLLTON-FARMERS BRANCH ISD,Richardson,553416,2015
CARROLLTON-FARMERS BRANCH ISD,Richardson,587818,2016
CARROLLTON-FARMERS BRANCH ISD,Richardson,651220,2017
CASTLEBERRY ISD,Fort Worth,144198,2011
CASTLEBERRY ISD,Fort Worth,126550,2012
CASTLEBERRY ISD,Fort Worth,124494,2013
CASTLEBERRY ISD,Fort Worth,123049,2014
CASTLEBERRY ISD,Fort Worth,121183,2015
CASTLEBERRY ISD,Fort Worth,119204,2016
CASTLEBERRY ISD,Fort Worth,118337,2017
CEDAR HILL ISD,Richardson,349962,2011
CEDAR HILL ISD,Richardson,336580,2012
CEDAR HILL ISD,Richardson,328697,2013
CEDAR HILL ISD,Richardson,335684,2014
CEDAR HILL ISD,Richardson,334031,2015
CEDAR HILL ISD,Richardson,332369,2016
CEDAR HILL ISD,Richardson,364558,2017
CELESTE ISD,Richardson,179614,2014
CELESTE ISD,Richardson,186421,2015
CELESTE ISD,Richardson,169449,2016
CELESTE ISD,Richardson,172070,2017
CELINA ISD,Richardson,347996,2011
CELINA ISD,Richardson,331019,2012
CELINA ISD,Richardson,330339,2013
CELINA ISD,Richardson,330842,2014
CELINA ISD,Richardson,329084,2015
CELINA ISD,Richardson,328523,2016
CELINA ISD,Richardson,363462,2017
CENTER POINT ISD,San Antonio,353536,2011
CENTER POINT ISD,San Antonio,374876,2012
CENTER POINT ISD,San Antonio,372029,2013
CENTER POINT ISD,San Antonio,412654,2014
CENTER POINT ISD,San Antonio,425419,2015
CENTER POINT ISD,San Antonio,438057,2016
CENTER POINT ISD,San Antonio,445119,2017
CHANNELVIEW ISD,Houston,286616,2011
CHANNELVIEW ISD,Houston,277548,2012
CHANNELVIEW ISD,Houston,271648,2013
CHANNELVIEW ISD,Houston,282106,2014
CHANNELVIEW ISD,Houston,303255,2015
CHANNELVIEW ISD,Houston,305450,2016
CHANNELVIEW ISD,Houston,304688,2017
CHARLOTTE ISD,San Antonio,201258,2011
CHARLOTTE ISD,San Antonio,218565,2012
CHARLOTTE ISD,San Antonio,267876,2013
CHARLOTTE ISD,San Antonio,358352,2014
CHARLOTTE ISD,San Antonio,470567,2015
CHARLOTTE ISD,San Antonio,614355,2016
CHARLOTTE ISD,San Antonio,691641,2017
CHICO ISD,Fort Worth,966045,2011
CHICO ISD,Fort Worth,1012865,2012
CHICO ISD,Fort Worth,988506,2013
CHICO ISD,Fort Worth,1037629,2014
CHICO ISD,Fort Worth,1031591,2015
CHICO ISD,Fort Worth,1072409,2016
CHICO ISD,Fort Worth,1043355,2017
CLEAR CREEK ISD,Houston,421864,2011
CLEAR CREEK ISD,Houston,412053,2012
CLEAR CREEK ISD,Houston,417074,2013
CLEAR CREEK ISD,Houston,417580,2014
CLEAR CREEK ISD,Houston,427252,2015
CLEAR CREEK ISD,Houston,443525,2016
CLEAR CREEK ISD,Houston,476015,2017
CLEBURNE ISD,Fort Worth,529519,2011
CLEBURNE ISD,Fort Worth,474731,2012
CLEBURNE ISD,Fort Worth,472298,2013
CLEBURNE ISD,Fort Worth,459469,2014
CLEBURNE ISD,Fort Worth,435558,2015
CLEBURNE ISD,Fort Worth,405497,2016
CLEBURNE ISD,Fort Worth,412297,2017
CLEVELAND ISD,Houston,196567,2011
CLEVELAND ISD,Houston,206329,2012
CLEVELAND ISD,Houston,209387,2013
CLEVELAND ISD,Houston,205757,2014
CLEVELAND ISD,Houston,209924,2015
CLEVELAND ISD,Houston,212831,2016
CLEVELAND ISD,Houston,207648,2017
COLLINSVILLE ISD,Richardson,239628,2012
COLLINSVILLE ISD,Richardson,273662,2014
COLLINSVILLE ISD,Richardson,295347,2017
COLUMBIA-BRAZORIA ISD,Houston,268082,2011
COLUMBIA-BRAZORIA ISD,Houston,274793,2012
COLUMBIA-BRAZORIA ISD,Houston,270959,2013
COLUMBIA-BRAZORIA ISD,Houston,282809,2014
COLUMBIA-BRAZORIA ISD,Houston,309996,2015
COLUMBIA-BRAZORIA ISD,Houston,333626,2016
COLUMBIA-BRAZORIA ISD,Houston,321839,2017
COMAL ISD,Austin,632631,2011
COMAL ISD,Austin,601831,2012
COMAL ISD,Austin,569987,2013
COMAL ISD,Austin,565606,2014
COMAL ISD,Austin,576218,2015
COMAL ISD,Austin,607061,2016
COMAL ISD,San Antonio,639769,2017
COMFORT ISD,Austin,557849,2011
COMFORT ISD,Austin,614293,2012
COMFORT ISD,Austin,620171,2013
COMFORT ISD,Austin,633315,2014
COMFORT ISD,Austin,675651,2015
COMFORT ISD,Austin,684308,2016
COMFORT ISD,Austin,740680,2017
COMMERCE ISD,Richardson,306138,2011
COMMERCE ISD,Richardson,283828,2012
COMMERCE ISD,Richardson,287541,2013
COMMERCE ISD,Richardson,299984,2014
COMMERCE ISD,Richardson,289376,2015
COMMERCE ISD,Richardson,254614,2016
COMMERCE ISD,Richardson,260586,2017
COMMUNITY ISD,Richardson,300991,2011
COMMUNITY ISD,Richardson,293705,2012
COMMUNITY ISD,Richardson,301615,2013
COMMUNITY ISD,Richardson,291190,2014
COMMUNITY ISD,Richardson,281683,2015
COMMUNITY ISD,Richardson,278244,2016
COMMUNITY ISD,Richardson,293985,2017
COPPELL ISD,Richardson,752664,2011
COPPELL ISD,Richardson,690284,2012
COPPELL ISD,Richardson,664460,2013
COPPELL ISD,Richardson,676785,2014
COPPELL ISD,Richardson,705142,2015
COPPELL ISD,Richardson,733972,2016
COPPELL ISD,Richardson,771171,2017
COTULLA ISD,San Antonio,360753,2011
COTULLA ISD,San Antonio,481232,2012
COTULLA ISD,San Antonio,761239,2013
COTULLA ISD,San Antonio,1959226,2014
COTULLA ISD,San Antonio,3790564,2015
COTULLA ISD,San Antonio,5679764,2016
COTULLA ISD,San Antonio,5571676,2017
CRANDALL ISD,Richardson,190696,2011
CRANDALL ISD,Richardson,192849,2012
CRANDALL ISD,Richardson,190825,2013
CRANDALL ISD,Richardson,179088,2014
CRANDALL ISD,Richardson,175505,2015
CRANDALL ISD,Richardson,163283,2016
CRANDALL ISD,Richardson,161252,2017
CROSBY ISD,Houston,260603,2011
CROSBY ISD,Houston,272000,2012
CROSBY ISD,Houston,263186,2013
CROSBY ISD,Houston,254001,2014
CROSBY ISD,Houston,249983,2015
CROSBY ISD,Houston,276356,2016
CROSBY ISD,Houston,289761,2017
CROWLEY ISD,Fort Worth,356715,2011
CROWLEY ISD,Fort Worth,332041,2012
CROWLEY ISD,Fort Worth,342343,2013
CROWLEY ISD,Fort Worth,340057,2014
CROWLEY ISD,Fort Worth,347124,2015
CROWLEY ISD,Fort Worth,348992,2016
CROWLEY ISD,Fort Worth,355396,2017
CRYSTAL CITY ISD,San Antonio,104507,2011
CRYSTAL CITY ISD,San Antonio,109598,2012
CRYSTAL CITY ISD,San Antonio,117345,2013
CRYSTAL CITY ISD,San Antonio,153627,2014
CRYSTAL CITY ISD,San Antonio,261199,2015
CRYSTAL CITY ISD,San Antonio,439586,2016
CRYSTAL CITY ISD,San Antonio,629656,2017
CYPRESS-FAIRBANKS ISD,Houston,348189,2011
CYPRESS-FAIRBANKS ISD,Houston,333118,2012
CYPRESS-FAIRBANKS ISD,Houston,331245,2013
CYPRESS-FAIRBANKS ISD,Houston,338826,2014
CYPRESS-FAIRBANKS ISD,Houston,361435,2015
CYPRESS-FAIRBANKS ISD,Houston,390500,2016
CYPRESS-FAIRBANKS ISD,Houston,439280,2017
DALLAS ISD,Richardson,546939,2011
DALLAS ISD,Richardson,513227,2012
DALLAS ISD,Richardson,503354,2013
DALLAS ISD,Richardson,511155,2014
DALLAS ISD,Richardson,533092,2015
DALLAS ISD,Richardson,568872,2016
DALLAS ISD,Richardson,628461,2017
DANBURY ISD,Houston,240831,2011
DANBURY ISD,Houston,265165,2012
DANBURY ISD,Houston,279307,2014
DANBURY ISD,Houston,282168,2015
DANBURY ISD,Houston,288696,2016
DANBURY ISD,Houston,309003,2017
DAYTON ISD,Houston,289938,2011
DAYTON ISD,Houston,287850,2012
DAYTON ISD,Houston,306917,2013
DAYTON ISD,Houston,307752,2014
DAYTON ISD,Houston,298671,2015
DAYTON ISD,Houston,301054,2016
DAYTON ISD,Houston,325055,2017
DECATUR ISD,Fort Worth,770679,2011
DECATUR ISD,Fort Worth,805956,2012
DECATUR ISD,Fort Worth,774948,2013
DECATUR ISD,Fort Worth,811515,2014
DECATUR ISD,Fort Worth,791631,2015
DECATUR ISD,Fort Worth,775684,2016
DECATUR ISD,Fort Worth,748713,2017
DEER PARK ISD,Houston,615668,2011
DEER PARK ISD,Houston,566381,2012
DEER PARK ISD,Houston,587969,2013
DEER PARK ISD,Houston,557202,2014
DEER PARK ISD,Houston,591623,2015
DEER PARK ISD,Houston,618557,2016
DEER PARK ISD,Houston,627933,2017
DEL VALLE ISD,Austin,324622,2011
DEL VALLE ISD,Austin,286558,2012
DEL VALLE ISD,Austin,280218,2013
DEL VALLE ISD,Austin,281184,2014
DEL VALLE ISD,Austin,310976,2015
DEL VALLE ISD,Austin,343664,2016
DEL VALLE ISD,Austin,399519,2017
DENISON ISD,Richardson,290422,2011
DENISON ISD,Richardson,320449,2012
DENISON ISD,Richardson,317733,2013
DENISON ISD,Richardson,320630,2014
DENISON ISD,Richardson,316385,2015
DENISON ISD,Richardson,304464,2016
DENISON ISD,Richardson,332858,2017
DENTON ISD,Fort Worth,419495,2011
DENTON ISD,Fort Worth,399725,2012
DENTON ISD,Fort Worth,398843,2013
DENTON ISD,Fort Worth,405428,2014
DENTON ISD,Fort Worth,418638,2015
DENTON ISD,Fort Worth,446278,2016
DENTON ISD,Fort Worth,473130,2017
DESOTO ISD,Richardson,253800,2011
DESOTO ISD,Richardson,247712,2012
DESOTO ISD,Richardson,245050,2013
DESOTO ISD,Richardson,229265,2014
DESOTO ISD,Richardson,227379,2015
DESOTO ISD,Richardson,224633,2016
DESOTO ISD,Richardson,244138,2017
DEVINE ISD,San Antonio,163701,2011
DEVINE ISD,San Antonio,169795,2012
DEVINE ISD,San Antonio,169535,2013
DEVINE ISD,San Antonio,179426,2014
DEVINE ISD,San Antonio,188029,2015
DEVINE ISD,San Antonio,193542,2016
DEVINE ISD,San Antonio,217879,2017
DICKINSON ISD,Houston,279136,2011
DICKINSON ISD,Houston,271853,2012
DICKINSON ISD,Houston,267707,2013
DICKINSON ISD,Houston,268982,2014
DICKINSON ISD,Houston,281883,2015
DICKINSON ISD,Houston,278014,2016
DICKINSON ISD,Houston,302411,2017
DILLEY ISD,San Antonio,151780,2011
DILLEY ISD,San Antonio,297198,2014
DILLEY ISD,San Antonio,505428,2015
DILLEY ISD,San Antonio,1680014,2016
DILLEY ISD,San Antonio,1299883,2017
DIME BOX ISD,Austin,898739,2011
DIME BOX ISD,Austin,1039951,2012
DIME BOX ISD,Austin,1141127,2013
DIME BOX ISD,Austin,1129205,2014
DIME BOX ISD,Austin,993714,2015
DIME BOX ISD,Austin,1032716,2016
DODD CITY ISD,Richardson,113275,2017
DRIPPING SPRINGS ISD,Austin,597087,2011
DRIPPING SPRINGS ISD,Austin,576515,2012
DRIPPING SPRINGS ISD,Austin,573734,2013
DRIPPING SPRINGS ISD,Austin,549429,2014
DRIPPING SPRINGS ISD,Austin,540008,2015
DRIPPING SPRINGS ISD,Austin,572585,2016
DRIPPING SPRINGS ISD,Austin,616239,2017
DUBLIN ISD,Fort Worth,223002,2011
DUBLIN ISD,Fort Worth,218658,2012
DUBLIN ISD,Fort Worth,235074,2013
DUBLIN ISD,Fort Worth,236815,2014
DUBLIN ISD,Fort Worth,239861,2015
DUBLIN ISD,Fort Worth,243158,2016
DUBLIN ISD,Fort Worth,257251,2017
DUNCANVILLE ISD,Richardson,271364,2011
DUNCANVILLE ISD,Richardson,258673,2012
DUNCANVILLE ISD,Richardson,254311,2013
DUNCANVILLE ISD,Richardson,262570,2014
DUNCANVILLE ISD,Richardson,271899,2015
DUNCANVILLE ISD,Richardson,276224,2016
DUNCANVILLE ISD,Richardson,294069,2017
EAGLE MT-SAGINAW ISD,Fort Worth,408471,2011
EAGLE MT-SAGINAW ISD,Fort Worth,371491,2012
EAGLE MT-SAGINAW ISD,Fort Worth,360252,2013
EAGLE MT-SAGINAW ISD,Fort Worth,348061,2014
EAGLE MT-SAGINAW ISD,Fort Worth,357494,2015
EAGLE MT-SAGINAW ISD,Fort Worth,364945,2016
EAGLE MT-SAGINAW ISD,Fort Worth,368660,2017
EAGLE PASS ISD,San Antonio,120275,2011
EAGLE PASS ISD,San Antonio,122595,2012
EAGLE PASS ISD,San Antonio,122048,2013
EAGLE PASS ISD,San Antonio,130623,2014
EAGLE PASS ISD,San Antonio,143020,2015
EAGLE PASS ISD,San Antonio,147975,2016
EAGLE PASS ISD,San Antonio,156582,2017
EANES ISD,Austin,1293693,2011
EANES ISD,Austin,1214826,2012
EANES ISD,Austin,1227376,2013
EANES ISD,Austin,1257940,2014
EANES ISD,Austin,1332102,2015
EANES ISD,Austin,1421278,2016
EANES ISD,Austin,1573376,2017
EAST CENTRAL ISD,San Antonio,207495,2011
EAST CENTRAL ISD,San Antonio,211273,2012
EAST CENTRAL ISD,San Antonio,215008,2013
EAST CENTRAL ISD,San Antonio,228991,2014
EAST CENTRAL ISD,San Antonio,264341,2015
EAST CENTRAL ISD,San Antonio,269416,2016
EAST CENTRAL ISD,San Antonio,320400,2017
EAST CHAMBERS ISD,Houston,190030,2011
EAST CHAMBERS ISD,Houston,199778,2012
ECTOR ISD,Richardson,131114,2011
ECTOR ISD,Richardson,144285,2012
ECTOR ISD,Richardson,134556,2013
ECTOR ISD,Richardson,139246,2014
ECTOR ISD,Richardson,148403,2015
ECTOR ISD,Richardson,151952,2016
ECTOR ISD,Richardson,160252,2017
EDGEWOOD ISD,San Antonio,83223,2011
EDGEWOOD ISD,San Antonio,83316,2012
EDGEWOOD ISD,San Antonio,83962,2013
EDGEWOOD ISD,San Antonio,86952,2014
EDGEWOOD ISD,San Antonio,85637,2015
EDGEWOOD ISD,San Antonio,91808,2016
EDGEWOOD ISD,San Antonio,112973,2017
ELGIN ISD,Austin,238009,2011
ELGIN ISD,Austin,231076,2012
ELGIN ISD,Austin,225322,2013
ELGIN ISD,Austin,222659,2014
ELGIN ISD,Austin,221289,2015
ELGIN ISD,Austin,221214,2016
ELGIN ISD,Austin,239959,2017
ENNIS ISD,Richardson,313461,2011
ENNIS ISD,Richardson,312229,2012
ENNIS ISD,Richardson,321287,2013
ENNIS ISD,Richardson,322444,2014
ENNIS ISD,Richardson,327469,2015
ENNIS ISD,Richardson,316447,2016
ENNIS ISD,Richardson,333339,2017
ERA ISD,Fort Worth,292038,2011
ERA ISD,Fort Worth,254776,2012
ERA ISD,Fort Worth,414731,2014
ERA ISD,Fort Worth,401867,2015
ERA ISD,Fort Worth,442581,2016
ERA ISD,Fort Worth,415909,2017
EVERMAN ISD,Fort Worth,239027,2011
EVERMAN ISD,Fort Worth,217662,2012
EVERMAN ISD,Fort Worth,213330,2013
EVERMAN ISD,Fort Worth,213709,2014
EVERMAN ISD,Fort Worth,212476,2015
EVERMAN ISD,Fort Worth,200362,2016
EVERMAN ISD,Fort Worth,192231,2017
FALLS CITY ISD,San Antonio,382217,2013
FALLS CITY ISD,San Antonio,826178,2014
FALLS CITY ISD,San Antonio,2106037,2015
FALLS CITY ISD,San Antonio,2960354,2016
FALLS CITY ISD,San Antonio,2298734,2017
FARMERSVILLE ISD,Richardson,239119,2011
FARMERSVILLE ISD,Richardson,233926,2012
FARMERSVILLE ISD,Richardson,231388,2013
FARMERSVILLE ISD,Richardson,221781,2014
FARMERSVILLE ISD,Richardson,229704,2015
FARMERSVILLE ISD,Richardson,234520,2016
FARMERSVILLE ISD,Richardson,259056,2017
FAYETTEVILLE ISD,Austin,787591,2011
FAYETTEVILLE ISD,Austin,885409,2012
FAYETTEVILLE ISD,Austin,837041,2014
FAYETTEVILLE ISD,Austin,837038,2015
FAYETTEVILLE ISD,Austin,759171,2016
FAYETTEVILLE ISD,Austin,807509,2017
FERRIS ISD,Richardson,142994,2011
FERRIS ISD,Richardson,140261,2012
FERRIS ISD,Richardson,138139,2013
FERRIS ISD,Richardson,135115,2014
FERRIS ISD,Richardson,134994,2015
FERRIS ISD,Richardson,128002,2016
FERRIS ISD,Richardson,129755,2017
FLATONIA ISD,Austin,430591,2011
FLATONIA ISD,Austin,435830,2012
FLATONIA ISD,Austin,446110,2013
FLATONIA ISD,Austin,501574,2014
FLATONIA ISD,Austin,590261,2015
FLATONIA ISD,Austin,840418,2016
FLATONIA ISD,Austin,834776,2017
FLORENCE ISD,Austin,275691,2011
FLORENCE ISD,Austin,288103,2012
FLORENCE ISD,Austin,284857,2013
FLORENCE ISD,Austin,286352,2014
FLORENCE ISD,Austin,296387,2015
FLORENCE ISD,Austin,299382,2016
FLORENCE ISD,Austin,321815,2017
FLORESVILLE ISD,San Antonio,258912,2011
FLORESVILLE ISD,San Antonio,267336,2012
FLORESVILLE ISD,San Antonio,272347,2013
FLORESVILLE ISD,San Antonio,276454,2014
FLORESVILLE ISD,San Antonio,280635,2015
FLORESVILLE ISD,San Antonio,292081,2016
FLORESVILLE ISD,San Antonio,321343,2017
FORNEY ISD,Richardson,292929,2011
FORNEY ISD,Richardson,284379,2012
FORNEY ISD,Richardson,280185,2013
FORNEY ISD,Richardson,278211,2014
FORNEY ISD,Richardson,273181,2015
FORNEY ISD,Richardson,271368,2016
FORNEY ISD,Richardson,281342,2017
FORT BEND ISD,Houston,351127,2011
FORT BEND ISD,Houston,351495,2012
FORT BEND ISD,Houston,353175,2013
FORT BEND ISD,Houston,355737,2014
FORT BEND ISD,Houston,373235,2015
FORT BEND ISD,Houston,392617,2016
FORT BEND ISD,Houston,444265,2017
FORT WORTH ISD,Fort Worth,343130,2011
FORT WORTH ISD,Fort Worth,322648,2012
FORT WORTH ISD,Fort Worth,328206,2013
FORT WORTH ISD,Fort Worth,335477,2014
FORT WORTH ISD,Fort Worth,339898,2015
FORT WORTH ISD,Fort Worth,340822,2016
FORT WORTH ISD,Fort Worth,348001,2017
FREDERICKSBURG ISD,Austin,815998,2011
FREDERICKSBURG ISD,Austin,817930,2012
FREDERICKSBURG ISD,Austin,828348,2013
FREDERICKSBURG ISD,Austin,857468,2014
FREDERICKSBURG ISD,Austin,868240,2015
FREDERICKSBURG ISD,Austin,865883,2016
FREDERICKSBURG ISD,Austin,924409,2017
FRIENDSWOOD ISD,Houston,354657,2011
FRIENDSWOOD ISD,Houston,356827,2012
FRIENDSWOOD ISD,Houston,364220,2013
FRIENDSWOOD ISD,Houston,369076,2014
FRIENDSWOOD ISD,Houston,380020,2015
FRIENDSWOOD ISD,Houston,382675,2016
FRIENDSWOOD ISD,Houston,434057,2017
FRISCO ISD,Richardson,448014,2011
FRISCO ISD,Richardson,409845,2012
FRISCO ISD,Richardson,398568,2013
FRISCO ISD,Richardson,389497,2014
FRISCO ISD,Richardson,392958,2015
FRISCO ISD,Richardson,412264,2016
FRISCO ISD,Richardson,458760,2017
FT SAM HOUSTON ISD,San Antonio,,2011
FT SAM HOUSTON ISD,San Antonio,,2012
FT SAM HOUSTON ISD,San Antonio,,2013
FT SAM HOUSTON ISD,San Antonio,,2014
FT SAM HOUSTON ISD,San Antonio,,2015
FT SAM HOUSTON ISD,San Antonio,,2016
FT SAM HOUSTON ISD,San Antonio,,2017
GAINESVILLE ISD,Fort Worth,"$364,769 ",2011
GAINESVILLE ISD,Fort Worth,"$337,353 ",2012
GAINESVILLE ISD,Fort Worth,"$337,802 ",2013
GAINESVILLE ISD,Fort Worth,"$350,203 ",2014
GAINESVILLE ISD,Fort Worth,"$367,205 ",2015
GAINESVILLE ISD,Fort Worth,"$359,637 ",2016
GAINESVILLE ISD,Fort Worth,"$354,935 ",2017
GALENA PARK ISD,Houston,"$289,183 ",2011
GALENA PARK ISD,Houston,"$277,597 ",2012
GALENA PARK ISD,Houston,"$270,212 ",2013
GALENA PARK ISD,Houston,"$308,002 ",2014
GALENA PARK ISD,Houston,"$312,646 ",2015
GALENA PARK ISD,Houston,"$356,031 ",2016
GALENA PARK ISD,Houston,"$382,169 ",2017
GALVESTON ISD,Houston,"$724,883 ",2011
GALVESTON ISD,Houston,"$785,608 ",2012
GALVESTON ISD,Houston,"$817,696 ",2013
GALVESTON ISD,Houston,"$861,978 ",2014
GALVESTON ISD,Houston,"$883,860 ",2015
GALVESTON ISD,Houston,"$899,343 ",2016
GALVESTON ISD,Houston,"$1,017,454 ",2017
GARLAND ISD,Richardson,"$249,795 ",2011
GARLAND ISD,Richardson,"$242,390 ",2012
GARLAND ISD,Richardson,"$240,230 ",2013
GARLAND ISD,Richardson,"$240,611 ",2014
GARLAND ISD,Richardson,"$242,272 ",2015
GARLAND ISD,Richardson,"$243,367 ",2016
GARLAND ISD,Richardson,"$263,202 ",2017
GEORGETOWN ISD,Austin,"$529,858 ",2011
GEORGETOWN ISD,Austin,"$539,763 ",2012
GEORGETOWN ISD,Austin,"$548,453 ",2013
GEORGETOWN ISD,Austin,"$555,072 ",2014
GEORGETOWN ISD,Austin,"$565,119 ",2015
GEORGETOWN ISD,Austin,"$603,338 ",2016
GEORGETOWN ISD,Austin,"$672,245 ",2017
GIDDINGS ISD,Austin,"$408,700 ",2011
GIDDINGS ISD,Austin,"$431,860 ",2012
GIDDINGS ISD,Austin,"$408,946 ",2013
GIDDINGS ISD,Austin,"$421,893 ",2014
GIDDINGS ISD,Austin,"$425,100 ",2015
GIDDINGS ISD,Austin,"$435,061 ",2016
GIDDINGS ISD,Austin,"$437,700 ",2017
GLEN ROSE ISD,Fort Worth,"$2,269,305 ",2011
GLEN ROSE ISD,Fort Worth,"$2,192,209 ",2012
GLEN ROSE ISD,Fort Worth,"$2,238,046 ",2013
GLEN ROSE ISD,Fort Worth,"$2,271,920 ",2014
GLEN ROSE ISD,Fort Worth,"$1,915,051 ",2015
GLEN ROSE ISD,Fort Worth,"$1,662,650 ",2016
GLEN ROSE ISD,Fort Worth,"$1,901,366 ",2017
GODLEY ISD,Fort Worth,"$966,050 ",2011
GODLEY ISD,Fort Worth,"$865,165 ",2012
GODLEY ISD,Fort Worth,"$780,108 ",2013
GODLEY ISD,Fort Worth,"$742,693 ",2014
GODLEY ISD,Fort Worth,"$609,161 ",2015
GODLEY ISD,Fort Worth,"$596,563 ",2016
GODLEY ISD,Fort Worth,"$533,342 ",2017
GONZALES ISD,Austin,"$242,721 ",2011
GONZALES ISD,Austin,"$234,363 ",2012
GONZALES ISD,Austin,"$249,437 ",2013
GONZALES ISD,Austin,"$443,622 ",2014
GONZALES ISD,Austin,"$715,223 ",2015
GONZALES ISD,Austin,"$939,638 ",2016
GONZALES ISD,Austin,"$601,433 ",2017
GORDON ISD,Fort Worth,"$770,077 ",2014
GORDON ISD,Fort Worth,"$779,914 ",2015
GORDON ISD,Fort Worth,"$868,775 ",2016
GORDON ISD,Fort Worth,"$902,979 ",2017
GRAFORD ISD,Fort Worth,"$2,313,961 ",2011
GRAFORD ISD,Fort Worth,"$2,461,809 ",2012
GRAFORD ISD,Fort Worth,"$2,467,162 ",2013
GRAFORD ISD,Fort Worth,"$2,666,825 ",2014
GRAFORD ISD,Fort Worth,"$2,947,637 ",2015
GRAFORD ISD,Fort Worth,"$3,002,621 ",2016
GRAFORD ISD,Fort Worth,"$2,930,073 ",2017
GRANBURY ISD,Fort Worth,"$767,593 ",2011
GRANBURY ISD,Fort Worth,"$772,115 ",2012
GRANBURY ISD,Fort Worth,"$754,804 ",2013
GRANBURY ISD,Fort Worth,"$762,202 ",2014
GRANBURY ISD,Fort Worth,"$729,940 ",2015
GRANBURY ISD,Fort Worth,"$697,751 ",2016
GRANBURY ISD,Fort Worth,"$701,862 ",2017
GRAND PRAIRIE ISD,Richardson,"$187,080 ",2011
GRAND PRAIRIE ISD,Richardson,"$185,641 ",2012
GRAND PRAIRIE ISD,Richardson,"$182,429 ",2013
GRAND PRAIRIE ISD,Richardson,"$173,211 ",2014
GRAND PRAIRIE ISD,Richardson,"$174,352 ",2015
GRAND PRAIRIE ISD,Richardson,"$175,303 ",2016
GRAND PRAIRIE ISD,Richardson,"$186,866 ",2017
GRANDVIEW ISD,Fort Worth,"$362,516 ",2011
GRANDVIEW ISD,Fort Worth,"$311,467 ",2012
GRANDVIEW ISD,Fort Worth,"$285,240 ",2013
GRANDVIEW ISD,Fort Worth,"$284,245 ",2014
GRANDVIEW ISD,Fort Worth,"$257,331 ",2015
GRANDVIEW ISD,Fort Worth,"$253,335 ",2016
GRANDVIEW ISD,Fort Worth,"$249,747 ",2017
GRANGER ISD,Austin,"$257,002 ",2011
GRANGER ISD,Austin,"$268,526 ",2012
GRANGER ISD,Austin,"$279,798 ",2013
GRANGER ISD,Austin,"$301,841 ",2014
GRANGER ISD,Austin,"$302,060 ",2015
GRANGER ISD,Austin,"$319,950 ",2016
GRANGER ISD,Austin,"$327,396 ",2017
GRAPEVINE-COLLEYVILLE ISD,Fort Worth,"$791,537 ",2011
GRAPEVINE-COLLEYVILLE ISD,Fort Worth,"$766,565 ",2012
GRAPEVINE-COLLEYVILLE ISD,Fort Worth,"$792,003 ",2013
GRAPEVINE-COLLEYVILLE ISD,Fort Worth,"$785,247 ",2014
GRAPEVINE-COLLEYVILLE ISD,Fort Worth,"$792,073 ",2015
GRAPEVINE-COLLEYVILLE ISD,Fort Worth,"$805,590 ",2016
GRAPEVINE-COLLEYVILLE ISD,Fort Worth,"$838,566 ",2017
GREENVILLE ISD,Richardson,"$330,209 ",2011
GREENVILLE ISD,Richardson,"$353,126 ",2012
GREENVILLE ISD,Richardson,"$362,198 ",2013
GREENVILLE ISD,Richardson,"$370,971 ",2014
GREENVILLE ISD,Richardson,"$355,207 ",2015
GUNTER ISD,Richardson,"$277,806 ",2011
GUNTER ISD,Richardson,"$263,697 ",2012
GUNTER ISD,Richardson,"$268,093 ",2013
GUNTER ISD,Richardson,"$279,129 ",2014
GUNTER ISD,Richardson,"$276,470 ",2015
GUNTER ISD,Richardson,"$258,337 ",2016
GUNTER ISD,Richardson,"$293,338 ",2017
HARDIN ISD,Houston,"$201,842 ",2011
HARDIN ISD,Houston,"$226,485 ",2012
HARDIN ISD,Houston,"$234,726 ",2013
HARDIN ISD,Houston,"$238,751 ",2014
HARDIN ISD,Houston,"$235,053 ",2015
HARDIN ISD,Houston,"$246,702 ",2016
HARDIN ISD,Houston,"$265,456 ",2017
HARLANDALE ISD,San Antonio,"$90,871 ",2011
HARLANDALE ISD,San Antonio,"$85,263 ",2012
HARLANDALE ISD,San Antonio,"$83,293 ",2013
HARLANDALE ISD,San Antonio,"$81,759 ",2014
HARLANDALE ISD,San Antonio,"$83,957 ",2015
HARLANDALE ISD,San Antonio,"$82,554 ",2016
HARLANDALE ISD,San Antonio,"$96,440 ",2017
HARPER ISD,Austin,"$542,399 ",2011
HARPER ISD,Austin,"$672,607 ",2012
HARPER ISD,Austin,"$657,355 ",2013
HARPER ISD,Austin,"$662,726 ",2014
HARPER ISD,Austin,"$620,906 ",2015
HARPER ISD,Austin,"$639,252 ",2016
HARPER ISD,Austin,"$682,642 ",2017
HEMPSTEAD ISD,Houston,"$293,364 ",2011
HEMPSTEAD ISD,Houston,"$294,827 ",2012
HEMPSTEAD ISD,Houston,"$292,492 ",2013
HEMPSTEAD ISD,Houston,"$297,512 ",2014
HEMPSTEAD ISD,Houston,"$312,458 ",2015
HEMPSTEAD ISD,Houston,"$297,653 ",2016
HEMPSTEAD ISD,Houston,"$328,857 ",2017
HIGHLAND PARK ISD,Richardson,"$1,920,412 ",2011
HIGHLAND PARK ISD,Richardson,"$1,821,457 ",2012
HIGHLAND PARK ISD,Richardson,"$1,776,757 ",2013
HIGHLAND PARK ISD,Richardson,"$1,748,197 ",2014
HIGHLAND PARK ISD,Richardson,"$1,830,168 ",2015
HIGHLAND PARK ISD,Richardson,"$1,960,131 ",2016
HIGHLAND PARK ISD,Richardson,"$2,122,860 ",2017
HITCHCOCK ISD,Houston,"$445,516 ",2011
HITCHCOCK ISD,Houston,"$422,067 ",2012
HITCHCOCK ISD,Houston,"$420,985 ",2013
HITCHCOCK ISD,Houston,"$399,333 ",2014
HITCHCOCK ISD,Houston,"$385,602 ",2015
HITCHCOCK ISD,Houston,"$372,495 ",2016
HITCHCOCK ISD,Houston,"$410,013 ",2017
HONDO ISD,San Antonio,"$205,076 ",2011
HONDO ISD,San Antonio,"$214,431 ",2012
HONDO ISD,San Antonio,"$224,179 ",2013
HONDO ISD,San Antonio,"$250,578 ",2014
HONDO ISD,San Antonio,"$263,715 ",2015
HONDO ISD,San Antonio,"$287,472 ",2016
HONDO ISD,San Antonio,"$305,981 ",2017
HONEY GROVE ISD,Richardson,"$286,459 ",2014
HONEY GROVE ISD,Richardson,"$284,957 ",2015
HONEY GROVE ISD,Richardson,"$301,118 ",2016
HONEY GROVE ISD,Richardson,"$307,547 ",2017
HOUSTON ISD,Houston,"$591,624 ",2011
HOUSTON ISD,Houston,"$569,432 ",2012
HOUSTON ISD,Houston,"$578,069 ",2013
HOUSTON ISD,Houston,"$597,768 ",2014
HOUSTON ISD,Houston,"$641,849 ",2015
HOUSTON ISD,Houston,"$712,393 ",2016
HOUSTON ISD,Houston,"$789,002 ",2017
HOWE ISD,Richardson,"$195,278 ",2011
HOWE ISD,Richardson,"$201,101 ",2012
HOWE ISD,Richardson,"$200,753 ",2013
HOWE ISD,Richardson,"$192,100 ",2014
HOWE ISD,Richardson,"$215,758 ",2015
HOWE ISD,Richardson,"$203,628 ",2016
HOWE ISD,Richardson,"$204,224 ",2017
HUCKABAY ISD,Fort Worth,"$625,236 ",2011
HUCKABAY ISD,Fort Worth,"$595,909 ",2012
HUCKABAY ISD,Fort Worth,"$737,964 ",2013
HUCKABAY ISD,Fort Worth,"$709,067 ",2014
HUCKABAY ISD,Fort Worth,"$638,503 ",2015
HUCKABAY ISD,Fort Worth,"$586,801 ",2016
HUFFMAN ISD,Houston,"$256,255 ",2011
HUFFMAN ISD,Houston,"$250,183 ",2012
HUFFMAN ISD,Houston,"$262,155 ",2013
HUFFMAN ISD,Houston,"$251,819 ",2014
HUFFMAN ISD,Houston,"$250,853 ",2015
HUFFMAN ISD,Houston,"$266,173 ",2016
HUFFMAN ISD,Houston,"$301,519 ",2017
HULL-DAISETTA ISD,Houston,"$479,131 ",2011
HULL-DAISETTA ISD,Houston,"$579,264 ",2012
HUMBLE ISD,Houston,"$293,248 ",2011
HUMBLE ISD,Houston,"$286,829 ",2012
HUMBLE ISD,Houston,"$283,061 ",2013
HUMBLE ISD,Houston,"$279,638 ",2014
HUMBLE ISD,Houston,"$285,005 ",2015
HUMBLE ISD,Houston,"$302,496 ",2016
HUMBLE ISD,Houston,"$330,877 ",2017
HURST-EULESS-BEDFORD ISD,Fort Worth,"$430,237 ",2011
HURST-EULESS-BEDFORD ISD,Fort Worth,"$408,613 ",2012
HURST-EULESS-BEDFORD ISD,Fort Worth,"$407,853 ",2013
HURST-EULESS-BEDFORD ISD,Fort Worth,"$410,262 ",2014
HURST-EULESS-BEDFORD ISD,Fort Worth,"$418,485 ",2015
HURST-EULESS-BEDFORD ISD,Fort Worth,"$427,454 ",2016
HURST-EULESS-BEDFORD ISD,Fort Worth,"$441,116 ",2017
HUTTO ISD,Austin,"$265,353 ",2011
HUTTO ISD,Austin,"$257,525 ",2012
HUTTO ISD,Austin,"$259,548 ",2013
HUTTO ISD,Austin,"$257,165 ",2014
HUTTO ISD,Austin,"$260,512 ",2015
HUTTO ISD,Austin,"$274,616 ",2016
HUTTO ISD,Austin,"$302,918 ",2017
INGRAM ISD,San Antonio,"$433,730 ",2011
INGRAM ISD,San Antonio,"$454,503 ",2012
INGRAM ISD,San Antonio,"$491,376 ",2013
INGRAM ISD,San Antonio,"$487,348 ",2014
INGRAM ISD,San Antonio,"$498,728 ",2015
INGRAM ISD,San Antonio,"$444,134 ",2016
INGRAM ISD,San Antonio,"$459,335 ",2017
IRVING ISD,Richardson,"$286,194 ",2011
IRVING ISD,Richardson,"$267,332 ",2012
IRVING ISD,Richardson,"$264,581 ",2013
IRVING ISD,Richardson,"$262,509 ",2014
IRVING ISD,Richardson,"$268,429 ",2015
IRVING ISD,Richardson,"$277,018 ",2016
IRVING ISD,Richardson,"$300,858 ",2017
ITALY ISD,Richardson,"$173,331 ",2011
ITALY ISD,Richardson,"$183,947 ",2012
ITALY ISD,Richardson,"$190,122 ",2013
ITALY ISD,Richardson,"$196,009 ",2014
ITALY ISD,Richardson,"$184,854 ",2015
ITALY ISD,Richardson,"$177,996 ",2016
ITALY ISD,Richardson,"$182,946 ",2017
JARRELL ISD,Austin,"$692,839 ",2011
JARRELL ISD,Austin,"$663,737 ",2012
JARRELL ISD,Austin,"$623,520 ",2013
JARRELL ISD,Austin,"$605,895 ",2014
JARRELL ISD,Austin,"$570,086 ",2015
JARRELL ISD,Austin,"$561,679 ",2016
JARRELL ISD,Austin,"$615,581 ",2017
JOHNSON CITY ISD,Austin,"$805,614 ",2011
JOHNSON CITY ISD,Austin,"$815,404 ",2012
JOHNSON CITY ISD,Austin,"$815,362 ",2013
JOHNSON CITY ISD,Austin,"$838,153 ",2014
JOHNSON CITY ISD,Austin,"$880,836 ",2015
JOHNSON CITY ISD,Austin,"$911,070 ",2016
JOHNSON CITY ISD,Austin,"$997,800 ",2017
JOSHUA ISD,Fort Worth,"$359,225 ",2011
JOSHUA ISD,Fort Worth,"$334,284 ",2012
JOSHUA ISD,Fort Worth,"$332,789 ",2013
JOSHUA ISD,Fort Worth,"$299,047 ",2014
JOSHUA ISD,Fort Worth,"$270,374 ",2015
JOSHUA ISD,Fort Worth,"$268,973 ",2016
JOSHUA ISD,Fort Worth,"$274,354 ",2017
JOURDANTON ISD,San Antonio,"$332,379 ",2011
JOURDANTON ISD,San Antonio,"$331,997 ",2012
JOURDANTON ISD,San Antonio,"$323,035 ",2013
JOURDANTON ISD,San Antonio,"$347,395 ",2014
JOURDANTON ISD,San Antonio,"$438,238 ",2015
JOURDANTON ISD,San Antonio,"$520,641 ",2016
JOURDANTON ISD,San Antonio,"$575,498 ",2017
JUDSON ISD,San Antonio,"$289,992 ",2011
JUDSON ISD,San Antonio,"$284,328 ",2012
JUDSON ISD,San Antonio,"$280,166 ",2013
JUDSON ISD,San Antonio,"$287,277 ",2014
JUDSON ISD,San Antonio,"$293,780 ",2015
JUDSON ISD,San Antonio,"$309,210 ",2016
JUDSON ISD,San Antonio,"$351,253 ",2017
KATY ISD,Houston,"$330,939 ",2011
KATY ISD,Houston,"$327,631 ",2012
KATY ISD,Houston,"$331,108 ",2013
KATY ISD,Houston,"$338,212 ",2014
KATY ISD,Houston,"$353,693 ",2015
KATY ISD,Houston,"$392,092 ",2016
KATY ISD,Houston,"$448,869 ",2017
KAUFMAN ISD,Richardson,"$179,593 ",2011
KAUFMAN ISD,Richardson,"$174,422 ",2012
KAUFMAN ISD,Richardson,"$172,765 ",2013
KAUFMAN ISD,Richardson,"$165,975 ",2014
KAUFMAN ISD,Richardson,"$166,827 ",2015
KAUFMAN ISD,Richardson,"$157,905 ",2016
KAUFMAN ISD,Richardson,"$164,826 ",2017
KEENE ISD,Fort Worth,"$260,072 ",2011
KEENE ISD,Fort Worth,"$218,415 ",2012
KEENE ISD,Fort Worth,"$205,144 ",2013
KEENE ISD,Fort Worth,"$185,507 ",2014
KEENE ISD,Fort Worth,"$164,059 ",2015
KEENE ISD,Fort Worth,"$154,913 ",2016
KEENE ISD,Fort Worth,"$155,542 ",2017
KELLER ISD,Fort Worth,"$347,047 ",2011
KELLER ISD,Fort Worth,"$340,389 ",2012
KELLER ISD,Fort Worth,"$345,629 ",2013
KELLER ISD,Fort Worth,"$348,489 ",2014
KELLER ISD,Fort Worth,"$367,730 ",2015
KELLER ISD,Fort Worth,"$379,288 ",2016
KELLER ISD,Fort Worth,"$399,061 ",2017
KEMP ISD,Richardson,"$224,317 ",2011
KEMP ISD,Richardson,"$238,746 ",2012
KEMP ISD,Richardson,"$245,158 ",2013
KEMP ISD,Richardson,"$239,293 ",2014
KEMP ISD,Richardson,"$237,463 ",2015
KEMP ISD,Richardson,"$213,577 ",2016
KEMP ISD,Richardson,"$218,019 ",2017
KENNEDALE ISD,Fort Worth,"$331,825 ",2011
KENNEDALE ISD,Fort Worth,"$316,270 ",2012
KENNEDALE ISD,Fort Worth,"$325,209 ",2013
KENNEDALE ISD,Fort Worth,"$325,660 ",2014
KENNEDALE ISD,Fort Worth,"$335,135 ",2015
KENNEDALE ISD,Fort Worth,"$340,139 ",2016
KENNEDALE ISD,Fort Worth,"$358,190 ",2017
KERRVILLE ISD,San Antonio,"$476,934 ",2011
KERRVILLE ISD,San Antonio,"$489,113 ",2012
KERRVILLE ISD,San Antonio,"$494,725 ",2013
KERRVILLE ISD,San Antonio,"$486,896 ",2014
KERRVILLE ISD,San Antonio,"$484,758 ",2015
KERRVILLE ISD,San Antonio,"$488,915 ",2016
KERRVILLE ISD,San Antonio,"$513,176 ",2017
KLEIN ISD,Houston,"$301,357 ",2011
KLEIN ISD,Houston,"$285,220 ",2012
KLEIN ISD,Houston,"$282,795 ",2013
KLEIN ISD,Houston,"$282,036 ",2014
KLEIN ISD,Houston,"$293,054 ",2015
KLEIN ISD,Houston,"$314,422 ",2016
KLEIN ISD,Houston,"$353,021 ",2017
KNIPPA ISD,San Antonio,"$201,092 ",2011
KNIPPA ISD,San Antonio,"$164,858 ",2013
KNIPPA ISD,San Antonio,"$143,410 ",2014
KNIPPA ISD,San Antonio,"$141,409 ",2015
KNIPPA ISD,San Antonio,"$149,347 ",2016
KNIPPA ISD,San Antonio,"$232,449 ",2017
KRUM ISD,Fort Worth,"$446,225 ",2011
KRUM ISD,Fort Worth,"$436,561 ",2012
KRUM ISD,Fort Worth,"$388,088 ",2013
KRUM ISD,Fort Worth,"$344,256 ",2014
KRUM ISD,Fort Worth,"$346,468 ",2015
KRUM ISD,Fort Worth,"$377,308 ",2016
KRUM ISD,Fort Worth,"$369,433 ",2017
LA GRANGE ISD,Austin,"$523,995 ",2011
LA GRANGE ISD,Austin,"$524,082 ",2012
LA GRANGE ISD,Austin,"$508,932 ",2013
LA GRANGE ISD,Austin,"$557,146 ",2014
LA GRANGE ISD,Austin,"$574,724 ",2015
LA GRANGE ISD,Austin,"$530,845 ",2016
LA GRANGE ISD,Austin,"$549,956 ",2017
LA MARQUE ISD,Houston,"$519,572 ",2011
LA MARQUE ISD,Houston,"$548,788 ",2012
LA MARQUE ISD,Houston,"$574,162 ",2013
LA MARQUE ISD,Houston,"$632,067 ",2014
LA MARQUE ISD,Houston,"$708,441 ",2015
LA MARQUE ISD,Houston,"$732,031 ",2016
LA PORTE ISD,Houston,"$849,915 ",2011
LA PORTE ISD,Houston,"$823,231 ",2012
LA PORTE ISD,Houston,"$845,785 ",2013
LA PORTE ISD,Houston,"$898,184 ",2014
LA PORTE ISD,Houston,"$942,798 ",2015
LA PORTE ISD,Houston,"$982,447 ",2016
LA PORTE ISD,Houston,"$1,158,898 ",2017
LA PRYOR ISD,San Antonio,"$108,766 ",2013
LA PRYOR ISD,San Antonio,"$123,104 ",2014
LA PRYOR ISD,San Antonio,"$142,376 ",2015
LA PRYOR ISD,San Antonio,"$167,460 ",2016
LA VERNIA ISD,San Antonio,"$230,871 ",2011
LA VERNIA ISD,San Antonio,"$243,224 ",2012
LA VERNIA ISD,San Antonio,"$260,077 ",2013
LA VERNIA ISD,San Antonio,"$268,247 ",2014
LA VERNIA ISD,San Antonio,"$269,039 ",2015
LA VERNIA ISD,San Antonio,"$269,154 ",2016
LA VERNIA ISD,San Antonio,"$301,389 ",2017
LACKLAND ISD,San Antonio,,2011
LACKLAND ISD,San Antonio,,2012
LACKLAND ISD,San Antonio,,2013
LACKLAND ISD,San Antonio,,2014
LACKLAND ISD,San Antonio,,2015
LACKLAND ISD,San Antonio,,2016
LACKLAND ISD,San Antonio,,2017
LAGO VISTA ISD,Austin,"$1,217,369 ",2011
LAGO VISTA ISD,Austin,"$1,122,652 ",2012
LAGO VISTA ISD,Austin,"$1,091,340 ",2013
LAGO VISTA ISD,Austin,"$1,020,808 ",2014
LAGO VISTA ISD,Austin,"$992,965 ",2015
LAGO VISTA ISD,Austin,"$949,342 ",2016
LAGO VISTA ISD,Austin,"$1,002,393 ",2017
LAKE DALLAS ISD,Fort Worth,"$324,484 ",2011
LAKE DALLAS ISD,Fort Worth,"$313,195 ",2012
LAKE DALLAS ISD,Fort Worth,"$320,677 ",2013
LAKE DALLAS ISD,Fort Worth,"$327,185 ",2014
LAKE DALLAS ISD,Fort Worth,"$331,317 ",2015
LAKE DALLAS ISD,Fort Worth,"$347,364 ",2016
LAKE DALLAS ISD,Fort Worth,"$378,632 ",2017
LAKE TRAVIS ISD,Austin,"$1,066,698 ",2011
LAKE TRAVIS ISD,Austin,"$965,921 ",2012
LAKE TRAVIS ISD,Austin,"$939,378 ",2013
LAKE TRAVIS ISD,Austin,"$915,434 ",2014
LAKE TRAVIS ISD,Austin,"$919,348 ",2015
LAKE TRAVIS ISD,Austin,"$959,682 ",2016
LAKE TRAVIS ISD,Austin,"$1,035,076 ",2017
LAKE WORTH ISD,Fort Worth,"$249,057 ",2011
LAKE WORTH ISD,Fort Worth,"$236,361 ",2012
LAKE WORTH ISD,Fort Worth,"$234,188 ",2013
LAKE WORTH ISD,Fort Worth,"$235,722 ",2014
LAKE WORTH ISD,Fort Worth,"$234,146 ",2015
LAKE WORTH ISD,Fort Worth,"$240,016 ",2016
LAKE WORTH ISD,Fort Worth,"$231,938 ",2017
LANCASTER ISD,Richardson,"$262,718 ",2011
LANCASTER ISD,Richardson,"$261,013 ",2012
LANCASTER ISD,Richardson,"$252,102 ",2013
LANCASTER ISD,Richardson,"$232,472 ",2014
LANCASTER ISD,Richardson,"$211,138 ",2015
LANCASTER ISD,Richardson,"$233,074 ",2016
LANCASTER ISD,Richardson,"$245,946 ",2017
LEAKEY ISD,San Antonio,"$1,092,997 ",2014
LEAKEY ISD,San Antonio,"$1,187,792 ",2015
LEAKEY ISD,San Antonio,"$1,108,667 ",2016
LEAKEY ISD,San Antonio,"$1,042,814 ",2017
LEANDER ISD,Austin,"$429,373 ",2011
LEANDER ISD,Austin,"$401,483 ",2012
LEANDER ISD,Austin,"$397,625 ",2013
LEANDER ISD,Austin,"$400,260 ",2014
LEANDER ISD,Austin,"$418,946 ",2015
LEANDER ISD,Austin,"$450,380 ",2016
LEANDER ISD,Austin,"$498,877 ",2017
LEONARD ISD,Richardson,"$156,115 ",2011
LEONARD ISD,Richardson,"$160,952 ",2012
LEONARD ISD,Richardson,"$161,886 ",2013
LEONARD ISD,Richardson,"$166,456 ",2014
LEONARD ISD,Richardson,"$170,760 ",2015
LEONARD ISD,Richardson,"$165,319 ",2016
LEONARD ISD,Richardson,"$170,459 ",2017
LEWISVILLE ISD,Fort Worth,"$471,674 ",2011
LEWISVILLE ISD,Fort Worth,"$457,115 ",2012
LEWISVILLE ISD,Fort Worth,"$465,378 ",2013
LEWISVILLE ISD,Fort Worth,"$471,430 ",2014
LEWISVILLE ISD,Fort Worth,"$491,262 ",2015
LEWISVILLE ISD,Fort Worth,"$524,879 ",2016
LEWISVILLE ISD,Fort Worth,"$582,780 ",2017
LEXINGTON ISD,Austin,"$366,797 ",2011
LEXINGTON ISD,Austin,"$361,162 ",2012
LEXINGTON ISD,Austin,"$366,612 ",2013
LEXINGTON ISD,Austin,"$354,646 ",2014
LEXINGTON ISD,Austin,"$360,753 ",2015
LEXINGTON ISD,Austin,"$399,753 ",2016
LEXINGTON ISD,Austin,"$406,594 ",2017
LIBERTY HILL ISD,Austin,"$397,559 ",2011
LIBERTY HILL ISD,Austin,"$387,378 ",2012
LIBERTY HILL ISD,Austin,"$378,196 ",2013
LIBERTY HILL ISD,Austin,"$362,894 ",2014
LIBERTY HILL ISD,Austin,"$350,784 ",2015
LIBERTY HILL ISD,Austin,"$359,270 ",2016
LIBERTY HILL ISD,Austin,"$405,633 ",2017
LIBERTY ISD,Houston,"$378,162 ",2011
LIBERTY ISD,Houston,"$359,996 ",2012
LIBERTY ISD,Houston,"$399,159 ",2013
LIBERTY ISD,Houston,"$434,674 ",2014
LIBERTY ISD,Houston,"$444,304 ",2015
LIBERTY ISD,Houston,"$409,522 ",2016
LIBERTY ISD,Houston,"$451,495 ",2017
LINDSAY ISD,Fort Worth,"$373,435 ",2011
LINDSAY ISD,Fort Worth,"$435,634 ",2012
LINDSAY ISD,Fort Worth,"$498,074 ",2013
LINDSAY ISD,Fort Worth,"$689,527 ",2014
LINDSAY ISD,Fort Worth,"$858,919 ",2015
LINDSAY ISD,Fort Worth,"$882,611 ",2016
LINDSAY ISD,Fort Worth,"$802,009 ",2017
LINGLEVILLE ISD,Fort Worth,"$466,044 ",2012
LINGLEVILLE ISD,Fort Worth,"$442,217 ",2013
LINGLEVILLE ISD,Fort Worth,"$444,966 ",2014
LINGLEVILLE ISD,Fort Worth,"$422,009 ",2015
LINGLEVILLE ISD,Fort Worth,"$309,563 ",2016
LINGLEVILLE ISD,Fort Worth,"$308,948 ",2017
LIPAN ISD,Fort Worth,"$674,569 ",2012
LIPAN ISD,Fort Worth,"$585,757 ",2014
LIPAN ISD,Fort Worth,"$557,742 ",2015
LIPAN ISD,Fort Worth,"$511,353 ",2016
LIPAN ISD,Fort Worth,"$502,833 ",2017
LITTLE ELM ISD,Fort Worth,"$284,871 ",2011
LITTLE ELM ISD,Fort Worth,"$273,718 ",2012
LITTLE ELM ISD,Fort Worth,"$296,573 ",2013
LITTLE ELM ISD,Fort Worth,"$292,988 ",2014
LITTLE ELM ISD,Fort Worth,"$310,952 ",2015
LITTLE ELM ISD,Fort Worth,"$338,944 ",2016
LITTLE ELM ISD,Fort Worth,"$384,251 ",2017
LLANO ISD,Austin,"$1,649,397 ",2011
LLANO ISD,Austin,"$1,694,601 ",2012
LLANO ISD,Austin,"$1,715,467 ",2013
LLANO ISD,Austin,"$1,744,509 ",2014
LLANO ISD,Austin,"$1,802,637 ",2015
LLANO ISD,Austin,"$1,807,963 ",2016
LLANO ISD,Austin,"$1,843,545 ",2017
LOCKHART ISD,Austin,"$194,200 ",2011
LOCKHART ISD,Austin,"$200,928 ",2012
LOCKHART ISD,Austin,"$213,087 ",2013
LOCKHART ISD,Austin,"$207,941 ",2014
LOCKHART ISD,Austin,"$209,001 ",2015
LOCKHART ISD,Austin,"$203,227 ",2016
LOCKHART ISD,Austin,"$199,486 ",2017
LONE OAK ISD,Richardson,"$287,248 ",2011
LONE OAK ISD,Richardson,"$243,450 ",2012
LONE OAK ISD,Richardson,"$229,135 ",2013
LONE OAK ISD,Richardson,"$224,374 ",2014
LONE OAK ISD,Richardson,"$213,244 ",2015
LONE OAK ISD,Richardson,"$208,066 ",2016
LONE OAK ISD,Richardson,"$208,165 ",2017
LOVEJOY ISD,Richardson,"$447,132 ",2011
LOVEJOY ISD,Richardson,"$434,606 ",2012
LOVEJOY ISD,Richardson,"$434,201 ",2013
LOVEJOY ISD,Richardson,"$435,809 ",2014
LOVEJOY ISD,Richardson,"$453,799 ",2015
LOVEJOY ISD,Richardson,"$472,414 ",2016
LOVEJOY ISD,Richardson,"$499,969 ",2017
LULING ISD,Austin,"$247,266 ",2011
LULING ISD,Austin,"$255,494 ",2012
LULING ISD,Austin,"$269,368 ",2013
LULING ISD,Austin,"$320,161 ",2014
LULING ISD,Austin,"$371,501 ",2015
LULING ISD,Austin,"$371,887 ",2016
LULING ISD,Austin,"$321,207 ",2017
LYTLE ISD,San Antonio,"$132,264 ",2011
LYTLE ISD,San Antonio,"$134,052 ",2012
LYTLE ISD,San Antonio,"$135,883 ",2013
LYTLE ISD,San Antonio,"$143,012 ",2014
LYTLE ISD,San Antonio,"$163,913 ",2015
LYTLE ISD,San Antonio,"$156,121 ",2016
LYTLE ISD,San Antonio,"$174,993 ",2017
MABANK ISD,Richardson,"$333,112 ",2011
MABANK ISD,Richardson,"$323,884 ",2012
MABANK ISD,Richardson,"$330,707 ",2013
MABANK ISD,Richardson,"$328,954 ",2014
MABANK ISD,Richardson,"$332,924 ",2015
MABANK ISD,Richardson,"$327,840 ",2016
MABANK ISD,Richardson,"$328,253 ",2017
MANOR ISD,Austin,"$441,022 ",2011
MANOR ISD,Austin,"$374,184 ",2012
MANOR ISD,Austin,"$327,997 ",2013
MANOR ISD,Austin,"$301,301 ",2014
MANOR ISD,Austin,"$309,969 ",2015
MANOR ISD,Austin,"$464,422 ",2016
MANOR ISD,Austin,"$394,857 ",2017
MANSFIELD ISD,Fort Worth,"$304,326 ",2011
MANSFIELD ISD,Fort Worth,"$293,078 ",2012
MANSFIELD ISD,Fort Worth,"$298,968 ",2013
MANSFIELD ISD,Fort Worth,"$298,201 ",2014
MANSFIELD ISD,Fort Worth,"$299,533 ",2015
MANSFIELD ISD,Fort Worth,"$304,304 ",2016
MANSFIELD ISD,Fort Worth,"$322,050 ",2017
MARBLE FALLS ISD,Austin,"$751,177 ",2011
MARBLE FALLS ISD,Austin,"$754,097 ",2012
MARBLE FALLS ISD,Austin,"$760,294 ",2013
MARBLE FALLS ISD,Austin,"$771,953 ",2014
MARBLE FALLS ISD,Austin,"$777,127 ",2015
MARBLE FALLS ISD,Austin,"$758,024 ",2016
MARBLE FALLS ISD,Austin,"$799,350 ",2017
MARION ISD,Austin,"$359,570 ",2011
MARION ISD,Austin,"$357,477 ",2012
MARION ISD,Austin,"$430,933 ",2013
MARION ISD,Austin,"$443,849 ",2014
MARION ISD,Austin,"$438,840 ",2015
MARION ISD,Austin,"$454,022 ",2016
MARION ISD,San Antonio,"$486,763 ",2017
MAYPEARL ISD,Richardson,"$243,986 ",2011
MAYPEARL ISD,Richardson,"$262,220 ",2012
MAYPEARL ISD,Richardson,"$275,753 ",2013
MAYPEARL ISD,Richardson,"$270,930 ",2014
MAYPEARL ISD,Richardson,"$267,682 ",2015
MAYPEARL ISD,Richardson,"$252,963 ",2016
MAYPEARL ISD,Richardson,"$254,709 ",2017
MCKINNEY ISD,Richardson,"$383,840 ",2011
MCKINNEY ISD,Richardson,"$379,570 ",2012
MCKINNEY ISD,Richardson,"$386,689 ",2013
MCKINNEY ISD,Richardson,"$387,547 ",2014
MCKINNEY ISD,Richardson,"$406,248 ",2015
MCKINNEY ISD,Richardson,"$434,453 ",2016
MCKINNEY ISD,Richardson,"$477,580 ",2017
MEDINA ISD,San Antonio,"$636,013 ",2011
MEDINA ISD,San Antonio,"$699,387 ",2012
MEDINA ISD,San Antonio,"$811,533 ",2013
MEDINA ISD,San Antonio,"$846,847 ",2014
MEDINA ISD,San Antonio,"$870,903 ",2015
MEDINA ISD,San Antonio,"$836,521 ",2016
MEDINA ISD,San Antonio,"$862,308 ",2017
MEDINA VALLEY ISD,San Antonio,"$285,166 ",2011
MEDINA VALLEY ISD,San Antonio,"$284,941 ",2012
MEDINA VALLEY ISD,San Antonio,"$288,576 ",2013
MEDINA VALLEY ISD,San Antonio,"$281,905 ",2014
MEDINA VALLEY ISD,San Antonio,"$289,772 ",2015
MEDINA VALLEY ISD,San Antonio,"$286,584 ",2016
MEDINA VALLEY ISD,San Antonio,"$314,173 ",2017
MELISSA ISD,Richardson,"$308,722 ",2011
MELISSA ISD,Richardson,"$274,117 ",2012
MELISSA ISD,Richardson,"$264,195 ",2013
MELISSA ISD,Richardson,"$241,211 ",2014
MELISSA ISD,Richardson,"$239,486 ",2015
MELISSA ISD,Richardson,"$243,444 ",2016
MELISSA ISD,Richardson,"$265,156 ",2017
MESQUITE ISD,Richardson,"$173,861 ",2011
MESQUITE ISD,Richardson,"$164,305 ",2012
MESQUITE ISD,Richardson,"$159,323 ",2013
MESQUITE ISD,Richardson,"$152,759 ",2014
MESQUITE ISD,Richardson,"$152,165 ",2015
MESQUITE ISD,Richardson,"$150,316 ",2016
MESQUITE ISD,Richardson,"$158,391 ",2017
MIDLOTHIAN ISD,Richardson,"$377,098 ",2011
MIDLOTHIAN ISD,Richardson,"$373,084 ",2012
MIDLOTHIAN ISD,Richardson,"$364,426 ",2013
MIDLOTHIAN ISD,Richardson,"$353,849 ",2014
MIDLOTHIAN ISD,Richardson,"$361,219 ",2015
MIDLOTHIAN ISD,Richardson,"$365,655 ",2016
MIDLOTHIAN ISD,Richardson,"$391,337 ",2017
MILFORD ISD,Richardson,"$315,625 ",2017
MILLSAP ISD,Fort Worth,"$398,017 ",2011
MILLSAP ISD,Fort Worth,"$415,802 ",2012
MILLSAP ISD,Fort Worth,"$368,955 ",2013
MILLSAP ISD,Fort Worth,"$358,326 ",2014
MILLSAP ISD,Fort Worth,"$341,958 ",2015
MILLSAP ISD,Fort Worth,"$321,074 ",2016
MILLSAP ISD,Fort Worth,"$326,457 ",2017
MINERAL WELLS ISD,Fort Worth,"$234,897 ",2011
MINERAL WELLS ISD,Fort Worth,"$227,247 ",2012
MINERAL WELLS ISD,Fort Worth,"$233,945 ",2013
MINERAL WELLS ISD,Fort Worth,"$243,419 ",2014
MINERAL WELLS ISD,Fort Worth,"$248,599 ",2015
MINERAL WELLS ISD,Fort Worth,"$249,039 ",2016
MINERAL WELLS ISD,Fort Worth,"$250,779 ",2017
MUENSTER ISD,Fort Worth,"$1,044,711 ",2011
MUENSTER ISD,Fort Worth,"$704,479 ",2012
MUENSTER ISD,Fort Worth,"$833,400 ",2014
MUENSTER ISD,Fort Worth,"$776,325 ",2015
MUENSTER ISD,Fort Worth,"$737,436 ",2016
MUENSTER ISD,Fort Worth,"$660,053 ",2017
NATALIA ISD,San Antonio,"$141,070 ",2011
NATALIA ISD,San Antonio,"$139,641 ",2012
NATALIA ISD,San Antonio,"$145,157 ",2013
NATALIA ISD,San Antonio,"$155,719 ",2014
NATALIA ISD,San Antonio,"$158,573 ",2015
NATALIA ISD,San Antonio,"$169,830 ",2016
NATALIA ISD,San Antonio,"$180,777 ",2017
NAVARRO ISD,Austin,"$352,092 ",2011
NAVARRO ISD,Austin,"$338,292 ",2012
NAVARRO ISD,Austin,"$342,909 ",2013
NAVARRO ISD,Austin,"$354,294 ",2014
NAVARRO ISD,Austin,"$347,649 ",2015
NAVARRO ISD,Austin,"$358,609 ",2016
NAVARRO ISD,Austin,"$407,980 ",2017
NEEDVILLE ISD,Houston,"$237,466 ",2011
NEEDVILLE ISD,Houston,"$231,156 ",2012
NEEDVILLE ISD,Houston,"$216,570 ",2013
NEEDVILLE ISD,Houston,"$215,397 ",2014
NEEDVILLE ISD,Houston,"$225,740 ",2015
NEEDVILLE ISD,Houston,"$226,253 ",2016
NEEDVILLE ISD,Houston,"$243,108 ",2017
NEW BRAUNFELS ISD,Austin,"$390,190 ",2011
NEW BRAUNFELS ISD,Austin,"$385,312 ",2012
NEW BRAUNFELS ISD,Austin,"$389,897 ",2013
NEW BRAUNFELS ISD,Austin,"$394,429 ",2014
NEW BRAUNFELS ISD,Austin,"$411,556 ",2015
NEW BRAUNFELS ISD,Austin,"$435,311 ",2016
NEW BRAUNFELS ISD,Austin,"$481,152 ",2017
NORTH EAST ISD,San Antonio,"$435,807 ",2011
NORTH EAST ISD,San Antonio,"$424,008 ",2012
NORTH EAST ISD,San Antonio,"$422,025 ",2013
NORTH EAST ISD,San Antonio,"$425,971 ",2014
NORTH EAST ISD,San Antonio,"$445,203 ",2015
NORTH EAST ISD,San Antonio,"$473,823 ",2016
NORTH EAST ISD,San Antonio,"$525,985 ",2017
NORTH FOREST ISD,Houston,"$242,720 ",2011
NORTH FOREST ISD,Houston,"$243,991 ",2012
NORTH FOREST ISD,Houston,"$255,430 ",2013
NORTHSIDE ISD,San Antonio,"$355,682 ",2011
NORTHSIDE ISD,San Antonio,"$347,261 ",2012
NORTHSIDE ISD,San Antonio,"$346,026 ",2013
NORTHSIDE ISD,San Antonio,"$349,563 ",2014
NORTHSIDE ISD,San Antonio,"$363,517 ",2015
NORTHSIDE ISD,San Antonio,"$385,379 ",2016
NORTHSIDE ISD,San Antonio,"$432,999 ",2017
NORTHWEST ISD,Fort Worth,"$728,886 ",2011
NORTHWEST ISD,Fort Worth,"$649,557 ",2012
NORTHWEST ISD,Fort Worth,"$622,609 ",2013
NORTHWEST ISD,Fort Worth,"$578,270 ",2014
NORTHWEST ISD,Fort Worth,"$544,034 ",2015
NORTHWEST ISD,Fort Worth,"$565,840 ",2016
NORTHWEST ISD,Fort Worth,"$575,909 ",2017
PALMER ISD,Richardson,"$209,413 ",2011
PALMER ISD,Richardson,"$209,703 ",2012
PALMER ISD,Richardson,"$205,127 ",2013
PALMER ISD,Richardson,"$193,300 ",2014
PALMER ISD,Richardson,"$197,188 ",2015
PALMER ISD,Richardson,"$187,589 ",2016
PALMER ISD,Richardson,"$193,942 ",2017
PARADISE ISD,Fort Worth,"$308,951 ",2011
PARADISE ISD,Fort Worth,"$357,615 ",2012
PARADISE ISD,Fort Worth,"$352,602 ",2013
PARADISE ISD,Fort Worth,"$354,676 ",2014
PARADISE ISD,Fort Worth,"$356,337 ",2015
PARADISE ISD,Fort Worth,"$348,109 ",2016
PARADISE ISD,Fort Worth,"$367,215 ",2017
PASADENA ISD,Houston,"$211,175 ",2011
PASADENA ISD,Houston,"$197,326 ",2012
PASADENA ISD,Houston,"$193,179 ",2013
PASADENA ISD,Houston,"$194,446 ",2014
PASADENA ISD,Houston,"$203,115 ",2015
PASADENA ISD,Houston,"$209,501 ",2016
PASADENA ISD,Houston,"$228,115 ",2017
PEARLAND ISD,Houston,"$313,079 ",2011
PEARLAND ISD,Houston,"$301,850 ",2012
PEARLAND ISD,Houston,"$296,335 ",2013
PEARLAND ISD,Houston,"$292,463 ",2014
PEARLAND ISD,Houston,"$291,053 ",2015
PEARLAND ISD,Houston,"$287,382 ",2016
PEARLAND ISD,Houston,"$307,573 ",2017
PEARSALL ISD,San Antonio,"$173,013 ",2011
PEARSALL ISD,San Antonio,"$216,750 ",2012
PEARSALL ISD,San Antonio,"$236,480 ",2013
PEARSALL ISD,San Antonio,"$346,845 ",2014
PEARSALL ISD,San Antonio,"$565,931 ",2015
PEARSALL ISD,San Antonio,"$695,198 ",2016
PEARSALL ISD,San Antonio,"$686,538 ",2017
PEASTER ISD,Fort Worth,"$258,216 ",2011
PEASTER ISD,Fort Worth,"$271,502 ",2012
PEASTER ISD,Fort Worth,"$263,973 ",2013
PEASTER ISD,Fort Worth,"$268,730 ",2014
PEASTER ISD,Fort Worth,"$253,093 ",2015
PEASTER ISD,Fort Worth,"$260,033 ",2016
PEASTER ISD,Fort Worth,"$263,868 ",2017
PFLUGERVILLE ISD,Austin,"$346,234 ",2011
PFLUGERVILLE ISD,Austin,"$327,131 ",2012
PFLUGERVILLE ISD,Austin,"$322,940 ",2013
PFLUGERVILLE ISD,Austin,"$325,796 ",2014
PFLUGERVILLE ISD,Austin,"$339,927 ",2015
PFLUGERVILLE ISD,Austin,"$370,464 ",2016
PFLUGERVILLE ISD,Austin,"$416,776 ",2017
PILOT POINT ISD,Fort Worth,"$356,667 ",2011
PILOT POINT ISD,Fort Worth,"$338,206 ",2012
PILOT POINT ISD,Fort Worth,"$366,007 ",2013
PILOT POINT ISD,Fort Worth,"$392,774 ",2014
PILOT POINT ISD,Fort Worth,"$408,710 ",2015
PILOT POINT ISD,Fort Worth,"$424,130 ",2016
PILOT POINT ISD,Fort Worth,"$452,673 ",2017
PLANO ISD,Richardson,"$632,444 ",2011
PLANO ISD,Richardson,"$627,117 ",2012
PLANO ISD,Richardson,"$628,109 ",2013
PLANO ISD,Richardson,"$644,625 ",2014
PLANO ISD,Richardson,"$676,205 ",2015
PLANO ISD,Richardson,"$711,533 ",2016
PLANO ISD,Richardson,"$787,703 ",2017
PLEASANTON ISD,San Antonio,"$203,341 ",2011
PLEASANTON ISD,San Antonio,"$214,467 ",2012
PLEASANTON ISD,San Antonio,"$233,095 ",2013
PLEASANTON ISD,San Antonio,"$332,902 ",2014
PLEASANTON ISD,San Antonio,"$535,610 ",2015
PLEASANTON ISD,San Antonio,"$665,175 ",2016
PLEASANTON ISD,San Antonio,"$624,156 ",2017
PONDER ISD,Fort Worth,"$844,639 ",2011
PONDER ISD,Fort Worth,"$769,981 ",2012
PONDER ISD,Fort Worth,"$738,763 ",2013
PONDER ISD,Fort Worth,"$675,025 ",2014
PONDER ISD,Fort Worth,"$606,155 ",2015
PONDER ISD,Fort Worth,"$586,067 ",2016
PONDER ISD,Fort Worth,"$556,450 ",2017
POOLVILLE ISD,Fort Worth,"$370,541 ",2011
POOLVILLE ISD,Fort Worth,"$373,075 ",2012
POOLVILLE ISD,Fort Worth,"$366,275 ",2013
POOLVILLE ISD,Fort Worth,"$352,134 ",2014
POOLVILLE ISD,Fort Worth,"$337,404 ",2015
POOLVILLE ISD,Fort Worth,"$357,689 ",2016
POOLVILLE ISD,Fort Worth,"$364,453 ",2017
POTEET ISD,San Antonio,"$111,449 ",2011
POTEET ISD,San Antonio,"$109,653 ",2012
POTEET ISD,San Antonio,"$119,216 ",2013
POTEET ISD,San Antonio,"$125,360 ",2014
POTEET ISD,San Antonio,"$138,112 ",2015
POTEET ISD,San Antonio,"$133,161 ",2016
POTEET ISD,San Antonio,"$146,795 ",2017
POTH ISD,San Antonio,"$205,709 ",2011
POTH ISD,San Antonio,"$220,509 ",2012
POTH ISD,San Antonio,"$239,703 ",2013
POTH ISD,San Antonio,"$333,398 ",2014
POTH ISD,San Antonio,"$581,488 ",2015
POTH ISD,San Antonio,"$586,140 ",2016
POTH ISD,San Antonio,"$413,859 ",2017
POTTSBORO ISD,Richardson,"$525,533 ",2011
POTTSBORO ISD,Richardson,"$527,228 ",2012
POTTSBORO ISD,Richardson,"$533,530 ",2013
POTTSBORO ISD,Richardson,"$536,767 ",2014
POTTSBORO ISD,Richardson,"$530,215 ",2015
POTTSBORO ISD,Richardson,"$520,004 ",2016
POTTSBORO ISD,Richardson,"$556,084 ",2017
PRAIRIE LEA ISD,Austin,"$519,476 ",2012
PRAIRIE LEA ISD,Austin,"$577,562 ",2013
PRAIRIE LEA ISD,Austin,"$855,749 ",2014
PRAIRIE LEA ISD,Austin,"$973,566 ",2015
PRAIRIE LEA ISD,Austin,"$1,083,191 ",2016
PRAIRIE LEA ISD,Austin,"$759,846 ",2017
PRINCETON ISD,Richardson,"$170,175 ",2011
PRINCETON ISD,Richardson,"$163,811 ",2012
PRINCETON ISD,Richardson,"$157,525 ",2013
PRINCETON ISD,Richardson,"$145,874 ",2014
PRINCETON ISD,Richardson,"$149,856 ",2015
PRINCETON ISD,Richardson,"$151,860 ",2016
PRINCETON ISD,Richardson,"$164,962 ",2017
PROSPER ISD,Richardson,"$412,745 ",2011
PROSPER ISD,Richardson,"$382,713 ",2012
PROSPER ISD,Richardson,"$356,936 ",2013
PROSPER ISD,Richardson,"$341,003 ",2014
PROSPER ISD,Richardson,"$352,736 ",2015
PROSPER ISD,Richardson,"$367,080 ",2016
PROSPER ISD,Richardson,"$389,151 ",2017
QUINLAN ISD,Richardson,"$289,191 ",2011
QUINLAN ISD,Richardson,"$290,616 ",2012
QUINLAN ISD,Richardson,"$292,528 ",2013
QUINLAN ISD,Richardson,"$282,951 ",2014
QUINLAN ISD,Richardson,"$291,459 ",2015
QUINLAN ISD,Richardson,"$275,887 ",2016
QUINLAN ISD,Richardson,"$275,750 ",2017
RANDOLPH FIELD ISD,San Antonio,,2011
RANDOLPH FIELD ISD,San Antonio,,2012
RANDOLPH FIELD ISD,San Antonio,,2013
RANDOLPH FIELD ISD,San Antonio,,2014
RANDOLPH FIELD ISD,San Antonio,,2015
RANDOLPH FIELD ISD,San Antonio,,2016
RANDOLPH FIELD ISD,San Antonio,,2017
RED OAK ISD,Richardson,"$223,496 ",2011
RED OAK ISD,Richardson,"$219,873 ",2012
RED OAK ISD,Richardson,"$214,929 ",2013
RED OAK ISD,Richardson,"$216,626 ",2014
RED OAK ISD,Richardson,"$224,709 ",2015
RED OAK ISD,Richardson,"$237,344 ",2016
RED OAK ISD,Richardson,"$259,896 ",2017
RICHARDSON ISD,Richardson,"$494,286 ",2011
RICHARDSON ISD,Richardson,"$461,633 ",2012
RICHARDSON ISD,Richardson,"$450,786 ",2013
RICHARDSON ISD,Richardson,"$451,178 ",2014
RICHARDSON ISD,Richardson,"$460,677 ",2015
RICHARDSON ISD,Richardson,"$468,071 ",2016
RICHARDSON ISD,Richardson,"$499,468 ",2017
RIO VISTA ISD,Fort Worth,"$373,759 ",2011
RIO VISTA ISD,Fort Worth,"$355,038 ",2012
RIO VISTA ISD,Fort Worth,"$348,326 ",2013
RIO VISTA ISD,Fort Worth,"$365,514 ",2014
RIO VISTA ISD,Fort Worth,"$405,905 ",2015
RIO VISTA ISD,Fort Worth,"$387,285 ",2016
RIO VISTA ISD,Fort Worth,"$398,981 ",2017
ROCKWALL ISD,Richardson,"$428,552 ",2011
ROCKWALL ISD,Richardson,"$419,117 ",2012
ROCKWALL ISD,Richardson,"$417,638 ",2013
ROCKWALL ISD,Richardson,"$417,692 ",2014
ROCKWALL ISD,Richardson,"$424,947 ",2015
ROCKWALL ISD,Richardson,"$444,706 ",2016
ROCKWALL ISD,Richardson,"$466,484 ",2017
ROUND ROCK ISD,Austin,"$490,691 ",2011
ROUND ROCK ISD,Austin,"$466,287 ",2012
ROUND ROCK ISD,Austin,"$465,921 ",2013
ROUND ROCK ISD,Austin,"$471,419 ",2014
ROUND ROCK ISD,Austin,"$490,234 ",2015
ROUND ROCK ISD,Austin,"$540,549 ",2016
ROUND ROCK ISD,Austin,"$593,255 ",2017
ROUND TOP-CARMINE ISD,Austin,"$1,351,066 ",2012
ROUND TOP-CARMINE ISD,Austin,"$1,244,185 ",2013
ROUND TOP-CARMINE ISD,Austin,"$1,259,512 ",2014
ROUND TOP-CARMINE ISD,Austin,"$1,276,458 ",2015
ROUND TOP-CARMINE ISD,Austin,"$1,183,408 ",2016
ROUND TOP-CARMINE ISD,Austin,"$1,121,153 ",2017
ROYAL ISD,Houston,"$378,699 ",2011
ROYAL ISD,Houston,"$387,242 ",2012
ROYAL ISD,Houston,"$396,723 ",2013
ROYAL ISD,Houston,"$410,811 ",2014
ROYAL ISD,Houston,"$425,468 ",2015
ROYAL ISD,Houston,"$467,649 ",2016
ROYAL ISD,Houston,"$480,770 ",2017
ROYSE CITY ISD,Richardson,"$242,484 ",2011
ROYSE CITY ISD,Richardson,"$236,626 ",2012
ROYSE CITY ISD,Richardson,"$229,081 ",2013
ROYSE CITY ISD,Richardson,"$226,520 ",2014
ROYSE CITY ISD,Richardson,"$227,406 ",2015
ROYSE CITY ISD,Richardson,"$228,599 ",2016
ROYSE CITY ISD,Richardson,"$246,203 ",2017
SABINAL ISD,San Antonio,"$400,914 ",2011
SABINAL ISD,San Antonio,"$408,706 ",2012
SABINAL ISD,San Antonio,"$430,399 ",2013
SABINAL ISD,San Antonio,"$431,258 ",2014
SABINAL ISD,San Antonio,"$468,904 ",2015
SABINAL ISD,San Antonio,"$637,101 ",2016
SABINAL ISD,San Antonio,"$637,779 ",2017
SAM RAYBURN ISD,Richardson,"$192,843 ",2011
SAM RAYBURN ISD,Richardson,"$185,960 ",2013
SAM RAYBURN ISD,Richardson,"$179,462 ",2014
SAM RAYBURN ISD,Richardson,"$210,694 ",2015
SAM RAYBURN ISD,Richardson,"$189,324 ",2017
SAN ANTONIO ISD,San Antonio,"$245,848 ",2011
SAN ANTONIO ISD,San Antonio,"$237,062 ",2012
SAN ANTONIO ISD,San Antonio,"$237,214 ",2013
SAN ANTONIO ISD,San Antonio,"$244,098 ",2014
SAN ANTONIO ISD,San Antonio,"$250,468 ",2015
SAN ANTONIO ISD,San Antonio,"$262,291 ",2016
SAN ANTONIO ISD,San Antonio,"$309,244 ",2017
SANGER ISD,Fort Worth,"$290,461 ",2011
SANGER ISD,Fort Worth,"$284,788 ",2012
SANGER ISD,Fort Worth,"$278,973 ",2013
SANGER ISD,Fort Worth,"$283,200 ",2014
SANGER ISD,Fort Worth,"$301,647 ",2015
SANGER ISD,Fort Worth,"$300,527 ",2016
SANGER ISD,Fort Worth,"$323,193 ",2017
SANTA FE ISD,Houston,"$217,418 ",2011
SANTA FE ISD,Houston,"$232,757 ",2012
SANTA FE ISD,Houston,"$234,103 ",2013
SANTA FE ISD,Houston,"$239,933 ",2014
SANTA FE ISD,Houston,"$243,265 ",2015
SANTA FE ISD,Houston,"$237,235 ",2016
SANTA FE ISD,Houston,"$262,302 ",2017
SANTO ISD,Fort Worth,"$532,833 ",2012
SANTO ISD,Fort Worth,"$531,770 ",2013
SANTO ISD,Fort Worth,"$562,907 ",2014
SANTO ISD,Fort Worth,"$590,736 ",2015
SANTO ISD,Fort Worth,"$594,075 ",2016
SANTO ISD,Fort Worth,"$631,326 ",2017
SAVOY ISD,Richardson,"$298,088 ",2011
SAVOY ISD,Richardson,"$307,844 ",2012
SAVOY ISD,Richardson,"$308,585 ",2013
SAVOY ISD,Richardson,"$318,163 ",2014
SAVOY ISD,Richardson,"$304,461 ",2015
SAVOY ISD,Richardson,"$272,616 ",2016
SAVOY ISD,Richardson,"$310,120 ",2017
SCHERTZ-CIBOLO-U CITY ISD,Austin,"$279,591 ",2011
SCHERTZ-CIBOLO-U CITY ISD,San Antonio,"$276,266 ",2012
SCHERTZ-CIBOLO-U CITY ISD,San Antonio,"$273,136 ",2013
SCHERTZ-CIBOLO-U CITY ISD,San Antonio,"$281,571 ",2014
SCHERTZ-CIBOLO-U CITY ISD,San Antonio,"$280,992 ",2015
SCHERTZ-CIBOLO-U CITY ISD,San Antonio,"$289,602 ",2016
SCHERTZ-CIBOLO-U CITY ISD,San Antonio,"$313,889 ",2017
SCHULENBURG ISD,Austin,"$481,049 ",2011
SCHULENBURG ISD,Austin,"$526,000 ",2012
SCHULENBURG ISD,Austin,"$590,294 ",2013
SCHULENBURG ISD,Austin,"$587,568 ",2014
SCHULENBURG ISD,Austin,"$605,292 ",2015
SCHULENBURG ISD,Austin,"$614,538 ",2016
SCHULENBURG ISD,Austin,"$591,022 ",2017
SCURRY-ROSSER ISD,Richardson,"$182,587 ",2011
SCURRY-ROSSER ISD,Richardson,"$170,552 ",2012
SCURRY-ROSSER ISD,Richardson,"$162,640 ",2013
SCURRY-ROSSER ISD,Richardson,"$160,294 ",2014
SCURRY-ROSSER ISD,Richardson,"$160,161 ",2015
SCURRY-ROSSER ISD,Richardson,"$146,911 ",2016
SCURRY-ROSSER ISD,Richardson,"$155,247 ",2017
SEGUIN ISD,Austin,"$359,068 ",2011
SEGUIN ISD,Austin,"$371,170 ",2012
SEGUIN ISD,Austin,"$395,782 ",2013
SEGUIN ISD,Austin,"$401,752 ",2014
SEGUIN ISD,Austin,"$398,107 ",2015
SEGUIN ISD,Austin,"$410,739 ",2016
SEGUIN ISD,Austin,"$435,573 ",2017
SHELDON ISD,Houston,"$720,051 ",2011
SHELDON ISD,Houston,"$616,900 ",2012
SHELDON ISD,Houston,"$582,031 ",2013
SHELDON ISD,Houston,"$610,754 ",2014
SHELDON ISD,Houston,"$653,775 ",2015
SHELDON ISD,Houston,"$639,057 ",2016
SHELDON ISD,Houston,"$671,870 ",2017
SHERMAN ISD,Richardson,"$361,049 ",2011
SHERMAN ISD,Richardson,"$354,452 ",2012
SHERMAN ISD,Richardson,"$355,057 ",2013
SHERMAN ISD,Richardson,"$353,566 ",2014
SHERMAN ISD,Richardson,"$353,316 ",2015
SHERMAN ISD,Richardson,"$383,595 ",2016
SHERMAN ISD,Richardson,"$408,276 ",2017
SLIDELL ISD,Fort Worth,"$803,868 ",2011
SLIDELL ISD,Fort Worth,"$894,956 ",2012
SLIDELL ISD,Fort Worth,"$959,040 ",2013
SLIDELL ISD,Fort Worth,"$1,122,905 ",2014
SLIDELL ISD,Fort Worth,"$1,457,270 ",2015
SLIDELL ISD,Fort Worth,"$1,392,915 ",2016
SLIDELL ISD,Fort Worth,"$1,594,061 ",2017
SMITHVILLE ISD,Austin,"$356,707 ",2012
SMITHVILLE ISD,Austin,"$348,074 ",2013
SMITHVILLE ISD,Austin,"$339,851 ",2014
SMITHVILLE ISD,Austin,"$362,231 ",2015
SMITHVILLE ISD,Austin,"$362,146 ",2016
SMITHVILLE ISD,Austin,"$376,897 ",2017
SOMERSET ISD,San Antonio,"$95,823 ",2011
SOMERSET ISD,San Antonio,"$90,765 ",2012
SOMERSET ISD,San Antonio,"$90,472 ",2013
SOMERSET ISD,San Antonio,"$90,342 ",2014
SOMERSET ISD,San Antonio,"$101,561 ",2015
SOMERSET ISD,San Antonio,"$103,645 ",2016
SOMERSET ISD,San Antonio,"$112,226 ",2017
SOUTH SAN ANTONIO ISD,San Antonio,"$137,309 ",2011
SOUTH SAN ANTONIO ISD,San Antonio,"$132,601 ",2012
SOUTH SAN ANTONIO ISD,San Antonio,"$133,804 ",2013
SOUTH SAN ANTONIO ISD,San Antonio,"$141,665 ",2014
SOUTH SAN ANTONIO ISD,San Antonio,"$142,508 ",2015
SOUTH SAN ANTONIO ISD,San Antonio,"$147,447 ",2016
SOUTH SAN ANTONIO ISD,San Antonio,"$168,538 ",2017
SOUTHSIDE ISD,San Antonio,"$98,207 ",2011
SOUTHSIDE ISD,San Antonio,"$99,783 ",2012
SOUTHSIDE ISD,San Antonio,"$103,674 ",2013
SOUTHSIDE ISD,San Antonio,"$119,556 ",2014
SOUTHSIDE ISD,San Antonio,"$159,869 ",2015
SOUTHSIDE ISD,San Antonio,"$217,848 ",2016
SOUTHSIDE ISD,San Antonio,"$277,041 ",2017
SOUTHWEST ISD,San Antonio,"$140,399 ",2011
SOUTHWEST ISD,San Antonio,"$128,207 ",2012
SOUTHWEST ISD,San Antonio,"$122,476 ",2013
SOUTHWEST ISD,San Antonio,"$123,555 ",2014
SOUTHWEST ISD,San Antonio,"$138,509 ",2015
SOUTHWEST ISD,San Antonio,"$157,338 ",2016
SOUTHWEST ISD,San Antonio,"$229,647 ",2017
SPRING BRANCH ISD,Houston,"$638,169 ",2011
SPRING BRANCH ISD,Houston,"$611,345 ",2012
SPRING BRANCH ISD,Houston,"$610,700 ",2013
SPRING BRANCH ISD,Houston,"$631,879 ",2014
SPRING BRANCH ISD,Houston,"$684,766 ",2015
SPRING BRANCH ISD,Houston,"$755,873 ",2016
SPRING BRANCH ISD,Houston,"$888,938 ",2017
SPRING ISD,Houston,"$229,818 ",2011
SPRING ISD,Houston,"$214,581 ",2012
SPRING ISD,Houston,"$213,853 ",2013
SPRING ISD,Houston,"$211,387 ",2014
SPRING ISD,Houston,"$221,489 ",2015
SPRING ISD,Houston,"$261,311 ",2016
SPRING ISD,Houston,"$317,172 ",2017
SPRINGTOWN ISD,Fort Worth,"$264,941 ",2011
SPRINGTOWN ISD,Fort Worth,"$285,792 ",2012
SPRINGTOWN ISD,Fort Worth,"$260,163 ",2013
SPRINGTOWN ISD,Fort Worth,"$266,967 ",2014
SPRINGTOWN ISD,Fort Worth,"$267,204 ",2015
SPRINGTOWN ISD,Fort Worth,"$278,456 ",2016
SPRINGTOWN ISD,Fort Worth,"$286,143 ",2017
STEPHENVILLE ISD,Fort Worth,"$379,065 ",2014
STEPHENVILLE ISD,Fort Worth,"$413,411 ",2015
STEPHENVILLE ISD,Fort Worth,"$400,018 ",2016
STEPHENVILLE ISD,Fort Worth,"$423,679 ",2017
STOCKDALE ISD,San Antonio,"$216,758 ",2011
STOCKDALE ISD,San Antonio,"$223,526 ",2012
STOCKDALE ISD,San Antonio,"$227,796 ",2013
STOCKDALE ISD,San Antonio,"$246,531 ",2014
STOCKDALE ISD,San Antonio,"$246,186 ",2015
STOCKDALE ISD,San Antonio,"$266,099 ",2016
STOCKDALE ISD,San Antonio,"$275,204 ",2017
STRAWN ISD,Fort Worth,"$388,298 ",2014
STRAWN ISD,Fort Worth,"$414,758 ",2015
STRAWN ISD,Fort Worth,"$399,102 ",2016
STRAWN ISD,Fort Worth,"$385,620 ",2017
SUNNYVALE ISD,Richardson,"$645,573 ",2011
SUNNYVALE ISD,Richardson,"$663,350 ",2012
SUNNYVALE ISD,Richardson,"$620,624 ",2013
SUNNYVALE ISD,Richardson,"$605,071 ",2014
SUNNYVALE ISD,Richardson,"$577,529 ",2015
SUNNYVALE ISD,Richardson,"$540,233 ",2016
SUNNYVALE ISD,Richardson,"$560,578 ",2017
SWEENY ISD,Houston,"$786,157 ",2011
SWEENY ISD,Houston,"$735,501 ",2012
SWEENY ISD,Houston,"$721,666 ",2013
SWEENY ISD,Houston,"$746,396 ",2014
SWEENY ISD,Houston,"$791,529 ",2015
SWEENY ISD,Houston,"$766,045 ",2016
SWEENY ISD,Houston,"$963,900 ",2017
TARKINGTON ISD,Houston,"$205,307 ",2011
TARKINGTON ISD,Houston,"$220,674 ",2012
TARKINGTON ISD,Houston,"$229,902 ",2013
TARKINGTON ISD,Houston,"$228,452 ",2014
TARKINGTON ISD,Houston,"$227,745 ",2015
TARKINGTON ISD,Houston,"$241,348 ",2016
TARKINGTON ISD,Houston,"$266,147 ",2017
TAYLOR ISD,Austin,"$268,672 ",2011
TAYLOR ISD,Austin,"$262,848 ",2012
TAYLOR ISD,Austin,"$262,825 ",2013
TAYLOR ISD,Austin,"$265,036 ",2014
TAYLOR ISD,Austin,"$262,709 ",2015
TAYLOR ISD,Austin,"$276,453 ",2016
TAYLOR ISD,Austin,"$300,812 ",2017
TERRELL ISD,Richardson,"$370,536 ",2011
TERRELL ISD,Richardson,"$343,441 ",2012
TERRELL ISD,Richardson,"$341,477 ",2013
TERRELL ISD,Richardson,"$342,517 ",2014
TERRELL ISD,Richardson,"$347,835 ",2015
TERRELL ISD,Richardson,"$335,391 ",2016
TERRELL ISD,Richardson,"$341,297 ",2017
TEXAS CITY ISD,Houston,"$767,048 ",2011
TEXAS CITY ISD,Houston,"$689,634 ",2012
TEXAS CITY ISD,Houston,"$675,672 ",2013
TEXAS CITY ISD,Houston,"$732,008 ",2014
TEXAS CITY ISD,Houston,"$654,615 ",2015
TEXAS CITY ISD,Houston,"$680,015 ",2016
TEXAS CITY ISD,Houston,"$682,310 ",2017
THORNDALE ISD,Austin,"$211,481 ",2011
THORNDALE ISD,Austin,"$208,041 ",2012
THORNDALE ISD,Austin,"$215,973 ",2013
THORNDALE ISD,Austin,"$198,349 ",2014
THORNDALE ISD,Austin,"$217,308 ",2015
THORNDALE ISD,Austin,"$219,346 ",2016
THORNDALE ISD,Austin,"$236,935 ",2017
THRALL ISD,Austin,"$252,928 ",2011
THRALL ISD,Austin,"$274,351 ",2012
THRALL ISD,Austin,"$292,947 ",2013
THRALL ISD,Austin,"$302,989 ",2014
THRALL ISD,Austin,"$314,696 ",2015
THRALL ISD,Austin,"$316,882 ",2016
THRALL ISD,Austin,"$324,117 ",2017
TIOGA ISD,Richardson,"$168,031 ",2016
TIOGA ISD,Richardson,"$170,644 ",2017
TOLAR ISD,Fort Worth,"$428,259 ",2011
TOLAR ISD,Fort Worth,"$364,989 ",2012
TOLAR ISD,Fort Worth,"$337,393 ",2013
TOLAR ISD,Fort Worth,"$340,807 ",2014
TOLAR ISD,Fort Worth,"$298,934 ",2015
TOLAR ISD,Fort Worth,"$270,218 ",2016
TOLAR ISD,Fort Worth,"$273,181 ",2017
TOM BEAN ISD,Richardson,"$192,775 ",2011
TOM BEAN ISD,Richardson,"$210,706 ",2012
TOM BEAN ISD,Richardson,"$216,556 ",2013
TOM BEAN ISD,Richardson,"$234,233 ",2014
TOM BEAN ISD,Richardson,"$249,783 ",2015
TOM BEAN ISD,Richardson,"$242,310 ",2016
TOM BEAN ISD,Richardson,"$258,484 ",2017
TOMBALL ISD,Houston,"$491,002 ",2011
TOMBALL ISD,Houston,"$485,434 ",2012
TOMBALL ISD,Houston,"$491,841 ",2013
TOMBALL ISD,Houston,"$507,914 ",2014
TOMBALL ISD,Houston,"$525,374 ",2015
TOMBALL ISD,Houston,"$558,608 ",2016
TOMBALL ISD,Houston,"$628,659 ",2017
TRENTON ISD,Richardson,"$280,708 ",2011
TRENTON ISD,Richardson,"$286,044 ",2012
TRENTON ISD,Richardson,"$277,080 ",2013
TRENTON ISD,Richardson,"$288,283 ",2014
TRENTON ISD,Richardson,"$308,613 ",2015
TRENTON ISD,Richardson,"$292,518 ",2016
TRENTON ISD,Richardson,"$298,618 ",2017
TULOSO-MIDWAY ISD,San Antonio,"$604,233 ",2016
TULOSO-MIDWAY ISD,San Antonio,"$677,147 ",2017
UTOPIA ISD,San Antonio,"$869,762 ",2011
UTOPIA ISD,San Antonio,"$906,525 ",2012
UTOPIA ISD,San Antonio,"$925,412 ",2014
UTOPIA ISD,San Antonio,"$952,328 ",2015
UTOPIA ISD,San Antonio,"$1,031,813 ",2016
UTOPIA ISD,San Antonio,"$939,555 ",2017
VALLEY VIEW ISD,Fort Worth,"$290,054 ",2011
VALLEY VIEW ISD,Fort Worth,"$349,063 ",2012
VALLEY VIEW ISD,Fort Worth,"$317,744 ",2013
VALLEY VIEW ISD,Fort Worth,"$329,000 ",2014
VALLEY VIEW ISD,Fort Worth,"$326,070 ",2015
VALLEY VIEW ISD,Fort Worth,"$309,499 ",2016
VALLEY VIEW ISD,Fort Worth,"$294,423 ",2017
VAN ALSTYNE ISD,Richardson,"$310,354 ",2011
VAN ALSTYNE ISD,Richardson,"$332,241 ",2012
VAN ALSTYNE ISD,Richardson,"$329,236 ",2013
VAN ALSTYNE ISD,Richardson,"$317,328 ",2014
VAN ALSTYNE ISD,Richardson,"$340,281 ",2015
VAN ALSTYNE ISD,Richardson,"$335,629 ",2016
VAN ALSTYNE ISD,Richardson,"$340,938 ",2017
VENUS ISD,Fort Worth,"$247,658 ",2011
VENUS ISD,Fort Worth,"$215,336 ",2012
VENUS ISD,Fort Worth,"$190,353 ",2013
VENUS ISD,Fort Worth,"$149,547 ",2014
VENUS ISD,Fort Worth,"$129,981 ",2015
VENUS ISD,Fort Worth,"$124,514 ",2016
VENUS ISD,Fort Worth,"$132,726 ",2017
WAELDER ISD,Austin,"$473,484 ",2012
WAELDER ISD,Austin,"$447,210 ",2013
WAELDER ISD,Austin,"$533,698 ",2014
WAELDER ISD,Austin,"$790,280 ",2015
WAELDER ISD,Austin,"$712,329 ",2016
WAELDER ISD,Austin,"$739,304 ",2017
WALLER ISD,Houston,"$305,105 ",2011
WALLER ISD,Houston,"$333,304 ",2012
WALLER ISD,Houston,"$324,502 ",2013
WALLER ISD,Houston,"$299,353 ",2014
WALLER ISD,Houston,"$319,519 ",2015
WALLER ISD,Houston,"$303,535 ",2016
WALLER ISD,Houston,"$334,082 ",2017
WAXAHACHIE ISD,Richardson,"$396,353 ",2011
WAXAHACHIE ISD,Richardson,"$385,162 ",2012
WAXAHACHIE ISD,Richardson,"$378,685 ",2013
WAXAHACHIE ISD,Richardson,"$372,530 ",2014
WAXAHACHIE ISD,Richardson,"$368,652 ",2015
WAXAHACHIE ISD,Richardson,"$369,706 ",2016
WAXAHACHIE ISD,Richardson,"$384,990 ",2017
WEATHERFORD ISD,Fort Worth,"$469,325 ",2011
WEATHERFORD ISD,Fort Worth,"$470,315 ",2012
WEATHERFORD ISD,Fort Worth,"$462,058 ",2013
WEATHERFORD ISD,Fort Worth,"$460,732 ",2014
WEATHERFORD ISD,Fort Worth,"$469,749 ",2015
WEATHERFORD ISD,Fort Worth,"$467,703 ",2016
WEATHERFORD ISD,Fort Worth,"$495,369 ",2017
WHITE SETTLEMENT ISD,Fort Worth,"$267,932 ",2011
WHITE SETTLEMENT ISD,Fort Worth,"$246,907 ",2012
WHITE SETTLEMENT ISD,Fort Worth,"$252,344 ",2013
WHITE SETTLEMENT ISD,Fort Worth,"$275,583 ",2014
WHITE SETTLEMENT ISD,Fort Worth,"$245,106 ",2015
WHITE SETTLEMENT ISD,Fort Worth,"$254,187 ",2016
WHITE SETTLEMENT ISD,Fort Worth,"$251,597 ",2017
WHITESBORO ISD,Richardson,"$319,511 ",2011
WHITESBORO ISD,Richardson,"$345,918 ",2012
WHITESBORO ISD,Richardson,"$367,599 ",2013
WHITESBORO ISD,Richardson,"$387,315 ",2014
WHITESBORO ISD,Richardson,"$400,131 ",2015
WHITESBORO ISD,Richardson,"$412,959 ",2016
WHITESBORO ISD,Richardson,"$434,989 ",2017
WHITEWRIGHT ISD,Richardson,"$215,736 ",2011
WHITEWRIGHT ISD,Richardson,"$217,139 ",2012
WHITEWRIGHT ISD,Richardson,"$212,943 ",2014
WHITEWRIGHT ISD,Richardson,"$226,417 ",2015
WHITEWRIGHT ISD,Richardson,"$223,774 ",2016
WHITEWRIGHT ISD,Richardson,"$230,996 ",2017
WILLS POINT ISD,Richardson,"$203,917 ",2011
WILLS POINT ISD,Richardson,"$207,815 ",2012
WILLS POINT ISD,Richardson,"$216,887 ",2013
WILLS POINT ISD,Richardson,"$219,268 ",2014
WILLS POINT ISD,Richardson,"$220,885 ",2015
WILLS POINT ISD,Richardson,"$214,883 ",2016
WILLS POINT ISD,Richardson,"$230,607 ",2017
WIMBERLEY ISD,Austin,"$727,482 ",2011
WIMBERLEY ISD,Austin,"$730,476 ",2012
WIMBERLEY ISD,Austin,"$735,402 ",2013
WIMBERLEY ISD,Austin,"$738,706 ",2014
WIMBERLEY ISD,Austin,"$748,028 ",2015
WIMBERLEY ISD,Austin,"$727,220 ",2016
WIMBERLEY ISD,Austin,"$772,555 ",2017
WOLFE CITY ISD,Richardson,"$159,605 ",2011
WOLFE CITY ISD,Richardson,"$167,067 ",2012
WOLFE CITY ISD,Richardson,"$166,598 ",2013
WOLFE CITY ISD,Richardson,"$162,806 ",2014
WOLFE CITY ISD,Richardson,"$159,509 ",2017
WYLIE ISD,Richardson,"$260,926 ",2011
WYLIE ISD,Richardson,"$255,453 ",2012
WYLIE ISD,Richardson,"$252,732 ",2013
WYLIE ISD,Richardson,"$249,380 ",2014
WYLIE ISD,Richardson,"$260,321 ",2015
WYLIE ISD,Richardson,"$264,703 ",2016
WYLIE ISD,Richardson,"$292,170 ",2017
